chanID,clustID,spikes,#spikes,avgFR,region,x,y,z
193,421,"[   2.93863333    3.02516667    6.56403333    7.4392       10.16253333
   23.08886667   26.0713       27.19913333   27.5434       28.82733333
   56.81646667   59.4889       61.06906667   69.80526667   71.644
   73.1593       73.9856       74.39246667   77.67736667   78.1331
   78.23583333   82.6436      119.54403333  119.67233333  120.0873
  122.88246667  123.4423      127.89143333  131.1714      138.5605
  140.34826667  145.45096667  157.05196667  161.39693333  164.19556667
  166.96563333  167.21103333  167.8754      170.35046667  174.62873333
  174.77076667  174.9944      176.50103333  178.26106667  179.22806667
  179.55226667  179.6479      180.40606667  181.43913333  184.34943333
  184.96393333  185.3343      185.6857      185.85376667  203.35693333
  216.7128      218.4845      221.71573333  229.7173      230.4511
  231.10063333  235.59423333  239.57533333  255.16706667  255.52073333
  260.27453333  261.6754      262.90863333  263.2719      268.0349
  268.74663333  269.79966667  274.44856667  275.27273333  275.44516667
  276.25163333  277.16326667  279.7479      282.16693333  283.3815
  283.92853333  288.5491      288.98846667  289.4285      293.6956
  294.7394      294.86046667  300.4169      302.62083333  306.4097
  306.9307      313.46106667  320.22806667  322.37383333  322.69246667
  328.12106667  334.559       338.6604      341.5348      345.83543333
  346.71363333  354.70453333  354.93463333  357.13133333  363.1745
  365.2138      369.17453333  370.2941      372.5272      373.64486667
  375.86473333  376.0763      376.19926667  376.89586667  379.87166667
  382.26803333  382.85906667  388.6438      388.74123333  397.6663
  399.4145      406.65083333  416.01323333  424.77236667  430.54143333
  433.32443333  440.5202      443.39153333  444.12173333  448.49203333
  448.6603      450.9967      453.29063333  457.3663      457.415
  459.99166667  460.09573333  466.0905      466.33366667  468.55396667
  472.0313      475.32836667  483.79836667  490.4136      492.3398
  495.0981      495.57036667  512.01593333  519.96356667  521.27913333
  524.3593      525.8464      546.34        547.85626667  548.76203333
  549.0653      549.3173      551.2454      557.96273333  558.2792
  568.26756667  579.67636667  581.22263333  582.4882      586.9722
  589.30646667  591.24213333  594.5289      597.17193333  604.86123333
  605.38373333  606.17896667  607.8132      610.53766667  611.02066667
  611.64916667  612.63833333  615.3957      625.21873333  633.1649
  633.96706667  635.16896667  643.32396667  644.25543333  645.68543333
  651.5119      657.90373333  658.1465      659.67213333  662.53706667
  665.4398      668.33213333  669.09416667  669.2949      672.37073333
  677.52483333  678.6519      679.81053333  682.15553333  684.5901
  686.5975      689.83223333  693.59093333  696.77516667  699.08283333
  701.35513333  707.9475      708.65        708.8579      717.39673333
  719.1874      726.41736667  734.707       741.93686667  744.22423333
  745.71396667  745.96336667  749.26903333  752.81256667  754.8494
  756.60603333  758.6426      762.3028      767.50213333  768.01543333
  768.6333      771.96973333  772.1512      773.2429      776.1312
  779.2154      780.0455      784.0141      784.48463333  785.27846667
  788.03716667  789.52983333  790.23476667  790.6208      792.82053333
  795.48673333  798.1715      800.6124      802.30926667  802.44513333
  804.86363333  805.04356667  805.65503333  806.22186667  806.65576667
  810.69296667  811.50736667  812.06506667  812.4593      813.07246667
  815.74323333  816.0242      817.83603333  820.34026667  823.06016667
  824.3165      824.95806667  828.42616667  828.78096667  831.45633333
  832.16376667  835.82566667  837.32983333  838.0543      843.8674
  844.52946667  846.5219      846.93673333  849.13036667  852.22356667
  857.81553333  864.0794      865.70586667  866.3964      869.0424
  879.97496667  882.55943333  888.82066667  891.52706667  892.18356667
  892.79326667  895.39796667  895.86316667  896.36573333  900.19016667
  900.77503333  905.90096667  907.5678      912.92803333  914.07496667
  916.03483333  922.20466667  922.71513333  924.55066667  925.2308
  927.90723333  928.14423333  929.11826667  929.27976667  932.31583333
  933.09426667  937.33136667  946.26086667  947.07813333  947.8586
  949.0903      955.9855      956.13713333  959.3035      959.4233
  959.6905      961.37866667  966.94393333  967.9028      968.06636667
  970.634       973.6937      973.98603333  976.4043      976.91013333
  978.0034      981.264       985.08036667  987.2137      990.44213333
  998.4527      999.16823333 1003.73536667 1006.1037     1008.80103333
 1009.1435     1013.42823333 1016.20043333 1018.75766667 1018.97333333
 1019.26776667 1019.47233333 1020.11393333 1020.43576667 1021.0819
 1021.3479     1022.0534     1023.1324     1024.22873333 1025.353
 1025.44266667 1028.90126667 1030.1963     1030.66576667 1031.2839
 1031.48583333 1032.0517     1033.7633     1036.55746667 1037.20143333
 1037.59476667 1037.94196667 1038.777      1039.3607     1041.6445
 1042.41896667 1049.5209     1051.9877     1053.35066667 1056.3828
 1056.59383333 1057.21043333 1058.07246667 1058.20826667 1058.68203333
 1059.08396667 1061.23276667 1066.8391     1068.31673333 1068.8726
 1069.10706667 1069.98483333 1070.7181     1072.53086667 1073.16766667
 1073.31243333 1073.5602     1075.88333333 1076.56106667 1078.32133333
 1081.08023333 1082.2609     1082.4283     1087.95536667 1088.80593333
 1089.3524     1089.5043     1090.51343333 1092.17653333 1092.25453333
 1094.86533333 1100.58956667 1101.01206667 1105.18606667 1105.37456667
 1105.8445     1109.78013333 1110.8501     1116.30956667 1128.07033333
 1128.5181     1129.86353333 1130.27003333 1132.9752     1134.72783333
 1136.114      1139.828      1140.57446667 1141.7806     1142.2128
 1148.95436667 1150.55443333 1151.62526667 1152.5442     1152.90893333
 1157.6676     1160.37063333 1167.27486667 1167.83763333 1167.93633333
 1168.67553333 1178.06896667 1180.6474     1182.4715     1182.7038
 1185.1595     1186.3047     1187.8718     1188.97996667 1191.22576667
 1193.33726667 1195.85483333 1197.40216667 1201.31576667 1202.29426667
 1202.71356667 1203.95636667 1211.186      1211.69063333 1211.76623333
 1212.88606667 1213.4809     1216.74093333 1216.96546667 1217.06403333
 1218.16753333 1219.5184     1239.52596667 1241.8464     1244.27113333
 1254.4018     1255.25066667 1264.16793333 1264.33276667 1270.25923333
 1277.00936667 1277.89553333 1280.26253333 1287.6439     1287.7847
 1293.37403333 1293.75156667 1298.07753333 1311.30303333 1313.19096667
 1314.0685     1321.86773333 1331.4992     1334.1826     1334.87606667
 1335.38486667 1337.1739     1340.9505     1342.81456667 1345.2076
 1345.69436667 1349.72713333 1353.9612     1356.0799     1358.487
 1361.17883333 1362.4878     1366.2976     1367.26533333 1368.4304
 1368.48906667 1371.85426667 1373.27253333 1377.22653333 1383.0468
 1386.00246667 1393.52883333 1394.16886667 1395.41016667 1395.57133333
 1402.75243333 1402.8065     1405.41806667 1416.50016667 1422.86633333
 1433.3387     1433.5606     1434.09053333 1435.77553333 1438.39106667
 1438.48726667 1439.46626667 1439.75226667 1450.44483333 1451.01666667
 1452.18333333 1452.86686667 1457.98336667 1458.6968     1461.3958
 1463.0565     1463.86186667 1465.48763333 1466.60176667 1467.00176667
 1467.2306     1468.81723333 1473.40193333 1478.48966667 1480.50003333
 1481.3717     1487.1561     1491.49946667 1492.99453333 1494.08733333
 1498.8637     1501.16116667 1502.0112     1508.19326667 1509.57226667
 1512.05       1515.44963333 1526.08196667 1540.26106667 1544.9379
 1547.12576667 1557.36123333 1567.8062     1575.37606667 1581.1235
 1584.6647     1589.01006667 1596.8089     1597.3898     1598.58983333
 1598.68556667 1609.3104     1617.3746     1622.88686667 1628.1924
 1628.5945     1628.8089     1641.31823333 1644.7786     1645.8907
 1651.39533333 1653.17633333]",572,0.3466167328500615,mROFC1,5.400004267692566,42.99999165534973,-10.400003552436829
193,467,"[   3.26096667    5.09473333   11.08213333 ... 1642.3562     1652.0312
 1653.8973    ]",1250,0.7572837061424191,mROFC1,5.400004267692566,42.99999165534973,-10.400003552436829
200,833,"[1.56033333e+00 3.72066667e+00 5.75186667e+00 ... 1.64768810e+03
 1.65064993e+03 1.65079067e+03]",1301,0.7888528204368461,mROFC8,3.0000044107437134,44.19999158382416,-10.400003552436829
202,871,"[   3.73446667    4.718         8.1838     ... 1632.4546     1632.49536667
 1637.64306667]",1114,0.6818006833429973,mRACC2,6.600004196166992,29.799992442131042,23.199994444847107
202,892,"[  21.63913333   25.3345       26.2455       31.30426667   31.44586667
   58.97253333   60.05826667   77.89506667  119.54323333  120.25556667
  120.34176667  120.6656      121.20476667  122.8218      123.02906667
  125.60196667  125.88406667  125.89906667  125.91346667  125.93026667
  125.94326667  126.1935      126.7206      126.80783333  126.86373333
  127.02046667  127.15743333  127.3399      127.35126667  127.5202
  127.61223333  127.7742      127.80086667  128.5346      128.6417
  128.81643333  130.31093333  130.9414      130.99496667  131.0966
  133.31046667  134.88753333  137.3755      137.6332      137.87466667
  137.89786667  138.24216667  138.31003333  138.41556667  138.43006667
  138.8116      138.82613333  139.34646667  139.36413333  139.43786667
  139.47086667  139.49506667  139.73726667  139.97776667  141.28483333
  143.3077      143.71656667  143.8393      144.0735      144.27823333
  145.65346667  145.66583333  146.09073333  147.1954      149.4422
  149.48886667  149.52143333  150.0804      150.64283333  150.9799
  151.75103333  152.3143      156.97963333  157.96916667  158.04283333
  158.8601      159.10843333  159.22103333  159.64966667  160.19613333
  160.2918      160.38836667  160.6689      160.77316667  161.1319
  164.7312      164.99706667  165.16763333  165.2831      165.53353333
  166.2989      167.5922      173.7934      177.7969      178.41413333
  182.05163333  182.6094      183.6244      184.01126667  190.93603333
  191.51113333  191.51516667  196.86246667  197.87836667  204.09303333
  206.18976667  207.79266667  209.65253333  210.28233333  224.14433333
  229.94233333  230.3645      230.56336667  234.0685      235.97613333
  243.6014      246.07473333  251.4636      251.72163333  252.71776667
  253.639       259.39213333  259.40893333  264.50426667  266.15063333
  292.44466667  304.6134      304.91743333  305.1512      305.92743333
  314.0292      322.5585      322.6909      330.63006667  332.6905
  336.5424      337.44856667  338.46003333  350.61746667  354.61246667
  364.57303333  371.86876667  380.64016667  382.6087      386.43976667
  387.45866667  388.49376667  389.83626667  389.91003333  400.54713333
  403.02993333  403.22793333  403.29703333  403.42726667  403.48696667
  408.05183333  408.51046667  408.62436667  408.81376667  408.85053333
  410.06183333  414.1826      414.5505      416.0216      416.03583333
  416.27806667  416.5053      416.67706667  416.96213333  417.1435
  417.31933333  418.01363333  418.11703333  420.81613333  421.0631
  421.1925      421.26586667  421.9164      421.99083333  422.1504
  422.3988      422.60183333  422.7909      422.83933333  422.9014
  423.4608      423.59773333  423.9813      424.3464      426.4897
  426.70926667  428.03723333  428.36433333  434.3679      446.48426667
  447.62613333  448.06476667  455.73696667  455.79803333  455.9218
  455.99993333  456.122       456.213       456.22796667  464.60296667
  464.77073333  466.99266667  467.2243      467.248       469.4824
  470.0886      470.35733333  470.534       470.9002      471.16776667
  471.7208      471.8534      471.92833333  472.0522      472.5759
  473.60563333  473.72333333  475.28176667  475.7412      475.97206667
  475.9971      476.17046667  478.12113333  478.15243333  478.46053333
  478.71386667  479.33236667  479.3699      479.40613333  479.52443333
  479.91896667  485.6538      485.74146667  486.3136      486.4461
  486.4981      486.5666      487.51136667  487.8091      491.1279
  491.3306      491.5138      492.0119      495.09886667  498.275
  505.38326667  513.60566667  515.0985      525.56903333  525.65783333
  525.7156      527.04083333  527.7954      534.15586667  534.9542
  535.08313333  535.3283      536.08386667  536.31343333  537.068
  537.24023333  537.3553      537.53463333  537.70283333  538.071
  538.8448      540.50653333  542.52416667  543.5865      546.5447
  549.28086667  549.59436667  551.6868      552.95326667  556.61183333
  562.65316667  563.20353333  563.6897      563.95286667  564.12046667
  565.15016667  572.08406667  574.2408      574.40893333  587.1383
  590.55106667  600.01373333  600.41123333  601.53813333  617.47676667
  619.46186667  621.05376667  621.63033333  625.0529      626.70486667
  627.10266667  631.85956667  633.21786667  644.62        646.34296667
  655.31066667  657.7336      662.53506667  667.60263333  674.40283333
  674.734       675.0605      676.18076667  676.27563333  676.59493333
  676.7143      679.55493333  683.86073333  685.11536667  686.23876667
  698.1706      699.02773333  702.3097      704.94913333  709.18473333
  709.51576667  710.48606667  718.7106      722.98726667  725.00663333
  725.2541      726.06933333  726.21263333  727.17156667  727.96013333
  728.24823333  728.4796      729.04343333  729.3163      730.74313333
  730.79683333  730.92423333  730.9518      731.0529      731.4052
  731.81406667  733.02423333  733.38426667  733.67986667  733.9831
  734.18603333  735.3044      737.00693333  737.24446667  741.9063
  742.2731      742.47133333  742.56043333  742.87626667  742.89853333
  746.27653333  746.69033333  750.12833333  761.65373333  768.36013333
  774.91223333  778.1112      783.8479      786.52273333  794.93813333
  804.14183333  811.6301      813.4167      815.07163333  815.4631
  819.3806      822.74506667  823.6366      825.28723333  825.5041
  825.71413333  844.94676667  857.9646      862.07826667  865.71166667
  866.4191      867.1275      868.81766667  870.00733333  870.3754
  873.23586667  876.7882      878.9179      881.59923333  881.6503
  882.84226667  884.25666667  887.9795      888.09113333  891.20436667
  894.48226667  898.36966667  898.72253333  900.75183333  900.98943333
  907.10973333  915.19073333  915.32146667  919.0735      924.27656667
  938.73116667  949.14013333  949.83896667  950.83926667  961.1507
  961.23913333  974.29896667  975.91743333  978.2398      980.36343333
  980.39076667  980.8267      985.7089      985.80706667  986.11273333
  986.17186667  993.07006667  993.75883333  995.06496667  998.57443333
 1001.1905     1001.40073333 1010.29656667 1010.31353333 1029.5858
 1029.6768     1043.15213333 1049.45206667 1052.12536667 1054.5413
 1066.27006667 1071.99176667 1074.5539     1078.48466667 1081.52356667
 1081.7875     1083.20976667 1087.7696     1091.0026     1092.95363333
 1143.95256667 1146.86883333 1147.0187     1147.0931     1149.6427
 1149.8294     1156.19173333 1158.25886667 1167.2976     1168.09406667
 1168.51956667 1168.84053333 1180.41083333 1182.17233333 1189.97063333
 1190.03743333 1190.14846667 1201.5848     1203.2293     1203.4357
 1204.03053333 1211.61696667 1217.98996667 1222.78236667 1222.8572
 1231.00056667 1234.37066667 1235.4529     1235.65573333 1236.41433333
 1238.85323333 1239.6588     1241.2452     1243.782      1243.79253333
 1247.3901     1249.6405     1253.32506667 1253.36973333 1253.578
 1253.98776667 1254.0152     1266.92446667 1267.02286667 1283.2168
 1284.31883333 1293.58656667 1296.70506667 1297.2297     1300.41966667
 1300.96486667 1316.51276667 1317.40116667 1317.85473333 1332.23566667
 1332.8608     1348.87126667 1355.1522     1386.5585     1387.1663
 1391.52233333 1402.12386667 1402.3072     1405.65456667 1406.71226667
 1408.216      1413.4452     1413.46766667 1413.57483333 1417.37256667
 1417.839      1418.17663333 1418.53673333 1419.13593333 1424.19426667
 1426.28876667 1426.9783     1429.1535     1431.44396667 1440.56413333
 1443.6731     1447.3327     1448.4022     1450.94126667 1451.54793333
 1452.04663333 1452.4837     1452.84623333 1459.8524     1462.48013333
 1463.44456667 1463.92936667 1466.2314     1492.80976667 1496.45076667
 1498.82313333 1498.95423333 1501.26646667 1505.03023333 1505.6026
 1505.92676667 1510.87726667 1512.89386667 1512.963      1513.4529
 1517.71576667 1519.49973333 1521.29643333 1524.20703333 1530.1553
 1532.07223333 1534.02966667 1534.52053333 1539.31053333 1551.0221
 1551.9662     1575.62603333 1578.81676667 1581.79666667 1582.1769
 1602.7978     1607.91876667 1616.98126667 1618.37056667 1620.30583333
 1623.35626667 1623.8248     1630.01813333 1631.4278     1633.26656667
 1636.68526667 1652.91203333 1653.09373333 1653.18023333 1655.35396667
 1655.36173333]",591,0.36175051994751123,mRACC2,6.600004196166992,29.799992442131042,23.199994444847107
203,464,"[   4.28326667    6.9758       10.04293333   10.10133333   11.53153333
   11.79853333   12.84         14.22846667   16.97223333   18.7713
   18.94656667   20.4847       21.23766667   21.816        23.67826667
   27.74636667   27.80446667   27.80953333   30.7776       32.61346667
   33.15906667   33.3429       51.70353333   54.93346667   61.28496667
   61.39226667   62.23853333   62.94653333   68.34856667   76.60076667
   79.01776667   79.56526667   82.0286      100.30396667  124.3984
  128.4631      131.34133333  132.09316667  132.32143333  132.627
  138.8005      147.5135      148.0218      148.69303333  151.18123333
  152.49696667  156.17616667  156.2262      160.3891      161.51546667
  161.6553      164.31446667  165.13263333  167.34983333  169.47613333
  170.1658      171.94603333  172.3008      172.30783333  175.4161
  177.5336      181.20106667  182.52933333  182.69486667  192.0526
  192.22686667  192.33016667  211.187       211.91363333  214.5533
  216.7382      217.95623333  222.42146667  223.7031      226.81993333
  230.80713333  231.74683333  235.70336667  239.75446667  246.3867
  249.0769      249.52803333  252.8565      254.67596667  254.7839
  255.11086667  256.9888      258.7679      259.77603333  261.06226667
  270.08766667  271.1368      272.58956667  276.2653      279.14046667
  284.29116667  287.64136667  292.19756667  295.99733333  299.84
  303.3347      306.48843333  307.37526667  308.85423333  309.57963333
  310.41856667  312.67216667  315.25546667  317.06196667  317.73863333
  325.87086667  326.422       328.72696667  332.92496667  337.39356667
  337.54223333  341.79523333  342.0434      342.9869      345.95856667
  346.86903333  348.69706667  349.48466667  349.96546667  354.66473333
  356.08106667  358.61033333  361.3386      363.44846667  363.58316667
  369.45263333  381.12513333  381.16226667  384.24923333  385.84016667
  392.48056667  395.14213333  395.37383333  395.9085      395.99886667
  396.68973333  403.67193333  408.58603333  408.73416667  409.63913333
  409.91803333  410.0197      417.8582      418.91823333  421.5601
  421.97883333  429.14923333  433.9896      435.6937      437.3946
  442.13263333  444.4279      446.5851      447.024       453.21083333
  454.4794      454.75716667  461.68786667  462.44843333  464.7707
  465.5332      466.20936667  467.6307      470.51923333  470.74396667
  470.85266667  472.2906      476.84086667  478.56286667  478.84113333
  479.88093333  480.44226667  480.83906667  484.52263333  486.88293333
  494.64953333  495.15556667  497.12926667  499.383       499.4386
  500.64296667  503.09916667  511.32303333  511.67533333  511.8465
  514.98563333  515.45243333  525.89463333  525.97806667  526.45576667
  528.8738      530.29813333  533.7858      533.89303333  534.99663333
  546.2076      548.6036      550.7559      552.1966      554.02083333
  555.23626667  555.55373333  555.84716667  557.88506667  558.78603333
  560.34936667  561.00213333  561.97986667  564.82943333  568.7535
  572.10186667  574.1727      575.56753333  576.1088      581.14206667
  582.45096667  582.90716667  588.1003      593.25006667  594.75753333
  594.88676667  598.89196667  603.97253333  607.75026667  607.90073333
  608.48356667  608.9531      610.21823333  610.76333333  611.99136667
  614.15893333  617.49643333  621.59476667  627.43606667  630.7742
  632.09543333  637.55943333  637.9282      638.8528      642.0008
  646.4594      649.40183333  651.0938      651.9077      653.1613
  658.79613333  659.86603333  660.64463333  661.49986667  663.51256667
  663.85876667  668.0847      671.49373333  675.9128      678.82446667
  679.97093333  683.9295      685.16936667  689.6403      690.22436667
  691.69343333  695.18463333  697.71216667  698.0338      698.42406667
  702.2804      703.35256667  705.7667      707.94493333  714.0387
  714.81666667  716.42006667  717.0703      717.3181      717.3873
  718.09906667  720.26376667  724.01        726.60163333  728.9985
  729.60543333  729.94083333  730.03253333  731.84126667  732.2473
  732.65796667  732.92436667  734.50583333  736.29976667  737.06623333
  740.5031      741.2973      742.02416667  744.55213333  746.67196667
  748.8371      751.15473333  757.38966667  758.2625      760.6577
  762.15473333  763.02986667  764.929       771.68006667  772.88703333
  775.53223333  776.0096      776.03276667  778.9693      781.905
  785.85        790.039       790.83206667  792.11453333  794.8914
  794.89363333  796.2106      797.10276667  798.37203333  800.06793333
  801.04396667  804.32083333  811.143       814.01723333  814.03106667
  814.45286667  815.07746667  815.45973333  821.6675      822.67273333
  824.05866667  825.05456667  829.2697      829.27203333  830.31176667
  830.33843333  835.91506667  842.17293333  844.83633333  845.84513333
  848.20393333  849.55466667  863.42        865.76196667  866.09486667
  876.80856667  882.5799      884.2523      884.28023333  886.92033333
  891.43693333  892.3075      895.91836667  897.07466667  897.64846667
  901.2886      903.0692      905.06863333  908.12923333  908.41703333
  908.5828      910.6446      911.1337      914.75126667  916.36136667
  916.51783333  920.79603333  921.6794      925.5439      930.141
  931.1895      940.9576      940.9773      944.60303333  944.8376
  945.02626667  946.0947      946.41943333  949.9439      950.8962
  954.05383333  958.5803      958.76086667  963.3976      966.89313333
  967.6287      970.88086667  972.723       980.2403      980.85686667
  982.05216667  982.61843333  983.22543333  983.68756667  988.7342
  989.65276667  994.09496667  994.6031      994.93943333  995.1416
  997.8223      999.30243333 1000.3083     1014.08193333 1015.41596667
 1019.78716667 1020.60106667 1023.41263333 1024.15263333 1025.1135
 1025.8055     1028.1533     1031.28596667 1031.37566667 1031.7091
 1038.50086667 1044.90396667 1046.67086667 1047.26393333 1050.4105
 1052.0589     1052.07496667 1053.16666667 1056.18463333 1060.38236667
 1064.61716667 1066.037      1067.8886     1072.73726667 1075.70166667
 1075.8693     1076.83676667 1076.87576667 1077.70783333 1083.92416667
 1084.99783333 1085.9078     1086.91803333 1089.2052     1089.729
 1090.157      1093.59736667 1093.67993333 1093.7903     1096.98296667
 1101.7223     1107.7666     1109.49753333 1110.4504     1119.74743333
 1119.9164     1120.5022     1120.5435     1120.84686667 1121.12473333
 1122.41996667 1124.77326667 1125.02366667 1126.9222     1128.1411
 1136.25386667 1137.67066667 1137.89563333 1139.63233333 1139.66223333
 1139.88286667 1142.58863333 1144.7603     1149.00243333 1152.25876667
 1152.68393333 1153.2893     1155.5756     1163.9589     1167.71113333
 1169.45553333 1169.48636667 1172.42276667 1174.50146667 1175.06096667
 1175.07916667 1178.71553333 1188.38473333 1191.2853     1192.1111
 1193.13203333 1193.94716667 1194.13066667 1196.54356667 1198.46366667
 1201.49503333 1201.49803333 1208.17713333 1214.16573333 1216.9493
 1220.03623333 1223.72946667 1224.4179     1225.07036667 1227.8787
 1228.22303333 1234.6584     1241.06123333 1243.07233333 1243.15536667
 1247.3524     1247.49006667 1247.7464     1248.7303     1250.4053
 1251.20733333 1252.05793333 1254.41066667 1255.08943333 1256.142
 1260.32316667 1261.95383333 1265.22663333 1275.88513333 1278.58823333
 1284.0056     1287.92506667 1290.20626667 1295.96656667 1300.89163333
 1302.0172     1303.2772     1303.62533333 1304.045      1305.0193
 1305.06963333 1305.08106667 1312.24446667 1317.4715     1319.2374
 1320.03913333 1322.40606667 1323.16236667 1323.34596667 1330.0326
 1331.59073333 1332.06973333 1333.36646667 1335.33176667 1340.4574
 1340.5261     1343.4746     1346.4577     1348.84036667 1349.2527
 1353.13376667 1353.5945     1355.34963333 1356.04066667 1357.28416667
 1362.3325     1364.1994     1364.73306667 1365.57413333 1369.6097
 1370.28756667 1373.39143333 1374.05573333 1379.89153333 1380.74523333
 1381.5147     1384.31493333 1384.63286667 1389.06603333 1389.35663333
 1389.5674     1390.92003333 1390.94973333 1391.03896667 1391.83113333
 1392.1977     1392.29163333 1393.80516667 1393.82426667 1395.02503333
 1397.12463333 1401.22423333 1401.54273333 1409.29013333 1412.21193333
 1412.537      1416.29866667 1416.34226667 1421.8984     1422.88963333
 1424.23073333 1424.55793333 1424.89173333 1428.4218     1431.92113333
 1432.97083333 1433.2036     1435.65183333 1436.25586667 1436.62203333
 1440.7018     1441.08866667 1441.17513333 1445.77836667 1447.58853333
 1450.74353333 1452.83226667 1456.9522     1461.89673333 1463.13406667
 1463.19796667 1463.4444     1465.33206667 1467.50436667 1474.858
 1474.95236667 1479.455      1488.2562     1490.321      1497.53496667
 1498.5069     1506.37203333 1507.27556667 1508.73793333 1508.84243333
 1516.97246667 1516.9748     1517.82083333 1519.27276667 1523.90486667
 1526.20986667 1526.35216667 1533.40156667 1534.96966667 1540.13053333
 1542.3013     1545.21196667 1546.7601     1553.5916     1554.61063333
 1557.4753     1562.0951     1562.5503     1568.71056667 1573.40906667
 1576.41056667 1581.96443333 1584.0887     1585.53003333 1585.60086667
 1586.54216667 1587.0882     1588.07023333 1589.98813333 1590.31446667
 1594.78133333 1596.1628     1600.1769     1600.2963     1600.42623333
 1601.51186667 1601.7287     1602.8597     1604.96553333 1605.07536667
 1617.64836667 1618.31176667 1620.00496667 1622.86373333 1623.07166667
 1623.4329     1625.7827     1634.5594     1637.8038     1649.967
 1652.5986     1653.02853333 1654.72616667 1654.7516    ]",684,0.4144278240216666,mRACC3,6.600004196166992,27.39999258518219,23.199994444847107
204,701,"[5.28200000e-01 1.07293333e+00 1.36120000e+00 ... 1.65376327e+03
 1.65424440e+03 1.65504403e+03]",1727,1.0438098960471314,mRACC4,7.8000041246414185,27.39999258518219,23.199994444847107
204,708,"[   5.71186667   12.2751       13.62493333 ... 1652.22903333 1652.93146667
 1654.8146    ]",1026,0.6221565092710416,mRACC4,7.8000041246414185,27.39999258518219,23.199994444847107
205,590,"[   3.49356667    4.5576        7.25183333    9.62826667   11.20856667
   11.7915       12.14813333   13.491        14.1887       14.6598
   14.98036667   15.8471       19.58776667   25.27813333   28.09363333
   30.65733333   31.07476667   31.60086667   31.97736667   33.52766667
   34.087        51.75516667   53.33483333   60.19696667   60.28566667
   60.97753333   61.03073333   61.0355       61.10846667   61.13426667
   61.1371       61.1858       61.21806667   61.2683       61.3852
   61.39353333   61.82936667   61.90416667   62.08636667   62.09106667
   63.6716       64.27166667   68.97056667   71.36986667   73.8007
   73.96056667   74.22656667   74.63736667   75.39683333   75.51373333
   76.43146667   76.60773333   76.87843333   81.17153333   82.08696667
   85.16516667  122.84566667  123.9085      128.47263333  128.9107
  133.6774      134.1111      137.2251      138.00233333  140.64176667
  145.2571      145.3434      147.06526667  151.01726667  151.3306
  151.4962      154.35906667  154.5589      157.37593333  158.55416667
  158.87163333  161.01426667  163.30303333  165.7412      166.47516667
  167.93046667  170.46423333  171.14936667  171.85986667  175.16656667
  176.6009      176.82713333  178.128       178.6351      178.8025
  180.70676667  181.751       183.0397      183.3727      183.4355
  185.76003333  186.3429      192.48043333  206.1976      207.71146667
  208.58486667  208.7057      209.27866667  215.27476667  216.10243333
  217.5109      217.6135      218.59306667  219.8564      224.6044
  225.2401      225.8364      226.28396667  227.06943333  227.87063333
  228.09643333  228.23626667  231.25306667  232.69083333  234.03506667
  234.6408      234.78806667  235.91266667  238.95766667  239.69766667
  244.39986667  244.92763333  245.6112      247.3526      251.16953333
  252.14686667  253.55013333  253.81756667  254.56896667  255.01323333
  255.21113333  255.30793333  257.47463333  257.51893333  258.0634
  259.35956667  259.76206667  261.06323333  261.3751      263.80193333
  265.80966667  265.9391      266.0401      269.65756667  270.2529
  271.2487      272.11836667  273.0191      273.72153333  274.10383333
  279.2359      280.1078      282.2687      282.35503333  289.51216667
  289.66633333  289.8386      290.58196667  293.54416667  294.58543333
  295.52993333  297.88033333  300.6182      302.24666667  303.79853333
  305.49856667  313.45386667  314.81146667  316.2387      316.56336667
  318.98243333  319.33086667  320.8394      321.32703333  322.30363333
  323.22463333  325.10066667  329.0243      329.57616667  330.5824
  332.2094      337.35403333  338.5718      338.65316667  339.98626667
  340.08483333  340.83266667  343.9696      345.19453333  346.84716667
  346.85196667  352.33323333  352.3395      352.65023333  353.56863333
  353.9017      354.19846667  356.72953333  358.1551      358.44756667
  358.6823      358.94966667  359.13093333  359.2192      359.53046667
  360.78896667  361.7219      364.83263333  365.5457      370.16136667
  372.47563333  373.2615      374.58596667  374.84376667  376.75653333
  376.81896667  377.0164      377.9993      382.15203333  382.4421
  383.0576      387.29686667  389.75406667  390.53936667  391.3861
  394.71523333  394.8125      395.33903333  397.75433333  400.3025
  404.82346667  405.31996667  405.91583333  411.24066667  416.77296667
  417.08673333  419.01816667  419.4608      422.2913      422.7523
  423.73726667  427.9997      428.33086667  431.6019      433.4249
  433.96413333  434.79696667  436.18223333  437.24653333  437.8794
  438.912       439.4298      441.2347      442.5822      442.97593333
  443.11503333  443.4933      443.65333333  444.01243333  447.4224
  449.0575      449.2406      451.65423333  454.7411      455.4907
  458.3956      458.4649      459.31813333  460.73973333  462.78246667
  463.37553333  468.0966      472.7215      473.22206667  474.9646
  475.59453333  475.82173333  478.28616667  479.5196      485.46976667
  485.5322      490.83153333  493.14306667  498.92066667  498.9688
  499.39466667  500.74013333  500.87916667  501.39656667  507.0934
  507.10296667  512.62063333  514.45076667  520.16983333  521.30666667
  521.879       522.89553333  523.3165      523.48943333  523.49523333
  523.744       524.98873333  526.47193333  528.75086667  533.78556667
  533.8138      534.00183333  536.18226667  547.26336667  548.97473333
  550.1556      550.40583333  552.23143333  556.2618      557.83763333
  558.0062      559.62083333  563.04983333  563.23723333  567.8631
  569.20703333  569.23896667  577.2175      578.22146667  578.88033333
  580.5837      592.96363333  594.75753333  594.89603333  596.9739
  599.51966667  599.9608      600.78366667  601.22096667  602.5233
  602.85216667  603.10986667  606.8865      607.48333333  607.87613333
  607.90073333  607.97243333  610.586       612.5999      613.2745
  613.7308      614.29093333  615.6399      616.3816      616.8462
  618.1669      619.79786667  622.11066667  623.43536667  623.5209
  623.70566667  627.24656667  629.1191      629.70616667  631.0353
  631.3147      631.39503333  631.99563333  633.57816667  634.8839
  637.64826667  638.66096667  640.45083333  642.57483333  646.84743333
  652.11303333  652.80406667  652.89653333  652.9173      653.83493333
  654.31993333  654.44226667  656.51583333  657.08113333  657.96816667
  657.9816      659.33403333  661.8648      664.33423333  664.51746667
  667.97393333  673.22616667  674.89196667  676.8363      678.08613333
  678.82443333  678.96        679.00046667  679.43596667  679.66056667
  679.66426667  679.68813333  679.72116667  683.4055      684.38403333
  684.6106      688.21473333  688.3647      695.80523333  697.40736667
  700.13833333  700.349       700.8368      701.0566      702.7887
  703.39653333  703.5329      704.75246667  705.0415      709.53406667
  710.4677      711.2325      711.4765      712.00796667  714.15356667
  714.29723333  715.63896667  716.52063333  720.28923333  720.57376667
  721.82516667  722.05856667  722.9453      723.0237      724.96816667
  727.5551      727.74033333  730.25583333  732.374       735.58876667
  735.67646667  737.04123333  737.39123333  738.0079      738.47423333
  738.835       739.33076667  740.33236667  741.97113333  742.46943333
  743.6655      744.0601      744.37176667  747.2375      749.9077
  749.95633333  752.75923333  759.9814      760.1544      761.0214
  761.02453333  765.83116667  768.47383333  769.32446667  769.39643333
  772.20643333  773.22566667  773.2632      773.40866667  776.5969
  777.041       777.62206667  778.4431      778.6345      782.3666
  782.7796      783.8941      784.54126667  784.64363333  786.3077
  790.59986667  791.82493333  792.29203333  793.21476667  793.85833333
  794.489       795.5104      799.24656667  799.2764      799.54883333
  801.30963333  801.4246      804.43093333  804.8093      805.11266667
  805.30883333  807.62546667  808.47706667  808.66153333  808.76496667
  811.023       812.4636      814.0565      815.4576      815.60516667
  817.04123333  819.86046667  820.58203333  823.15736667  825.14683333
  828.80796667  829.37813333  830.56096667  834.02473333  834.49046667
  834.9477      838.30076667  840.2213      840.38176667  841.29966667
  841.94726667  842.13376667  845.5829      845.6912      849.7486
  856.56        861.2645      862.14033333  862.32783333  863.61386667
  870.33403333  870.87873333  871.32713333  876.04393333  876.52796667
  878.6749      882.15536667  887.1897      893.26973333  893.78606667
  894.17843333  895.00846667  895.3999      896.0081      897.75243333
  898.06393333  898.2655      900.83923333  902.58556667  903.67246667
  906.70196667  912.45186667  915.87813333  916.25296667  918.07273333
  918.1756      918.4374      919.0319      919.57993333  921.51053333
  925.3492      929.4246      933.97583333  934.7752      943.09086667
  943.95396667  944.46023333  945.4756      945.609       947.4943
  948.933       949.48443333  952.47936667  953.09426667  953.3118
  955.41133333  956.022       959.1439      961.92356667  964.29626667
  964.32473333  964.73006667  967.96243333  968.61566667  972.84286667
  974.8341      975.8073      981.9857      983.975       985.72036667
  991.3039      993.57506667  995.73076667 1000.269      1000.6881
 1001.36813333 1002.70453333 1002.71716667 1002.77813333 1005.95076667
 1007.77053333 1014.7144     1015.20703333 1018.0486     1018.17296667
 1020.12526667 1020.254      1021.31733333 1021.9497     1022.7548
 1023.02633333 1025.0378     1025.132      1027.86253333 1028.72156667
 1033.54066667 1033.5719     1033.57566667 1036.30246667 1037.0609
 1037.74396667 1037.9991     1038.77433333 1040.66526667 1040.6694
 1041.72946667 1049.99426667 1050.8333     1050.9783     1051.04716667
 1053.4847     1054.6067     1055.30146667 1055.9005     1056.58663333
 1062.1144     1062.60053333 1062.97636667 1063.67746667 1065.0723
 1070.52196667 1072.38596667 1076.13346667 1078.97596667 1079.5021
 1079.80326667 1085.50476667 1086.2779     1090.26743333 1093.26913333
 1093.37203333 1099.08936667 1101.8163     1103.8539     1104.0538
 1105.95583333 1106.5678     1106.76996667 1107.7811     1108.06966667
 1108.40693333 1110.49616667 1113.21876667 1113.97216667 1114.13713333
 1120.0916     1121.12473333 1123.95443333 1127.62526667 1127.91186667
 1128.31376667 1128.86663333 1129.21936667 1129.30673333 1131.53306667
 1136.33426667 1139.2396     1141.3967     1142.2956     1143.14413333
 1145.4421     1145.52226667 1149.28576667 1149.4273     1154.61056667
 1156.13006667 1157.71296667 1158.6511     1161.1299     1165.277
 1166.58756667 1167.2991     1170.6776     1172.34236667 1182.02136667
 1182.05343333 1183.08593333 1183.4262     1188.9796     1193.13666667
 1193.24553333 1193.3009     1194.1307     1211.91946667 1212.06656667
 1214.3029     1214.4205     1216.60356667 1218.78046667 1222.03386667
 1225.16926667 1226.05976667 1226.7155     1226.74073333 1226.96096667
 1228.3965     1233.86903333 1241.7696     1243.07333333 1243.0917
 1243.18633333 1243.26396667 1244.19623333 1244.7827     1248.9136
 1249.04146667 1249.22343333 1249.24406667 1253.27173333 1255.0348
 1257.1336     1259.10636667 1260.6082     1261.38976667 1263.03333333
 1265.2331     1275.70166667 1277.62486667 1285.58676667 1286.07986667
 1287.18493333 1288.315      1288.83113333 1289.65123333 1291.77943333
 1292.7852     1296.9854     1298.8885     1303.19473333 1304.26963333
 1304.66143333 1305.63793333 1305.8052     1306.27416667 1307.55466667
 1308.99726667 1310.7092     1310.77103333 1311.35076667 1312.52176667
 1313.98223333 1314.41623333 1316.84143333 1316.96496667 1319.423
 1323.56823333 1324.6377     1324.69243333 1324.75193333 1326.3896
 1326.7538     1330.1679     1330.55733333 1331.15473333 1332.31966667
 1341.8621     1342.73193333 1348.31063333 1349.47263333 1355.61116667
 1361.0089     1362.61193333 1366.91206667 1369.40323333 1370.86456667
 1373.1396     1375.3579     1375.55713333 1376.79613333 1378.35733333
 1380.25973333 1380.62616667 1381.60656667 1383.11746667 1385.16853333
 1387.24673333 1387.5646     1389.02726667 1390.78956667 1392.26393333
 1393.61073333 1394.11383333 1395.9408     1400.5264     1400.696
 1403.00293333 1403.09853333 1405.51386667 1407.07246667 1407.24996667
 1408.8104     1409.16873333 1409.2604     1410.73596667 1412.94656667
 1413.26446667 1414.24416667 1414.59463333 1415.12296667 1416.3056
 1416.5889     1418.85953333 1420.59196667 1422.02213333 1423.8686
 1428.50876667 1428.92316667 1430.1453     1432.3056     1433.7608
 1435.47346667 1441.49143333 1443.83573333 1444.38626667 1444.59506667
 1446.12723333 1449.24473333 1452.8562     1454.0048     1454.20753333
 1456.4239     1456.9362     1457.1905     1457.60516667 1463.4538
 1463.93236667 1463.93586667 1464.4016     1464.65323333 1465.26746667
 1465.7326     1467.67363333 1484.82783333 1485.64486667 1485.81096667
 1486.6937     1487.81036667 1488.3332     1488.59193333 1500.62846667
 1500.99846667 1501.45106667 1504.84713333 1508.06       1510.74326667
 1514.83196667 1518.4059     1520.25806667 1520.81273333 1522.2931
 1524.3598     1525.52156667 1532.48276667 1534.90803333 1535.75813333
 1538.31686667 1538.74403333 1539.19756667 1539.6503     1541.26116667
 1542.45213333 1545.97383333 1546.68693333 1548.0723     1549.25596667
 1554.87776667 1555.2113     1559.56386667 1561.76536667 1563.56363333
 1565.18643333 1565.2276     1566.9786     1571.71426667 1573.85443333
 1576.7955     1588.61       1593.52963333 1593.55483333 1595.02303333
 1595.432      1599.3473     1601.4982     1611.8588     1611.93206667
 1612.26756667 1614.3948     1615.28923333 1621.7583     1627.098
 1632.49143333 1654.84986667]",912,0.5522733040713261,mRACC5,7.8000041246414185,29.799992442131042,23.199994444847107
206,612,"[1.75333333e-02 6.86866667e-01 3.73210000e+00 3.84210000e+00
 4.07896667e+00 5.73286667e+00 8.27606667e+00 8.42626667e+00
 1.12651667e+01 1.17167000e+01 1.26854667e+01 1.42378333e+01
 1.74378667e+01 1.84387333e+01 1.91315333e+01 1.96368667e+01
 2.05757667e+01 2.40526000e+01 2.47244667e+01 2.98114000e+01
 3.05135333e+01 3.23798667e+01 3.24149333e+01 5.27621000e+01
 5.80020000e+01 6.09705333e+01 6.10233000e+01 6.11395667e+01
 6.11741333e+01 6.12519333e+01 6.12793667e+01 6.12848333e+01
 6.14998333e+01 7.06575000e+01 7.10991667e+01 7.28542000e+01
 7.52519000e+01 7.84177667e+01 7.99898000e+01 8.05945000e+01
 8.19517667e+01 8.25944333e+01 8.41754000e+01 1.19616200e+02
 1.20063700e+02 1.23463067e+02 1.24050800e+02 1.24787833e+02
 1.25386800e+02 1.25664367e+02 1.25755600e+02 1.26292333e+02
 1.27216667e+02 1.28472667e+02 1.31840900e+02 1.32883533e+02
 1.33562867e+02 1.33861800e+02 1.35776700e+02 1.37857667e+02
 1.39575067e+02 1.39962133e+02 1.43468333e+02 1.46486733e+02
 1.48781800e+02 1.51496233e+02 1.53112600e+02 1.53803200e+02
 1.55639167e+02 1.56270567e+02 1.57364233e+02 1.59230900e+02
 1.60706333e+02 1.62353167e+02 1.63326233e+02 1.63668433e+02
 1.64862533e+02 1.65598667e+02 1.65628967e+02 1.68040633e+02
 1.70892867e+02 1.74157667e+02 1.75392733e+02 1.77908967e+02
 1.78680633e+02 1.79125133e+02 1.79612600e+02 1.82378300e+02
 1.84339833e+02 1.85872100e+02 1.87665233e+02 1.91958633e+02
 1.92768900e+02 2.06472500e+02 2.06646900e+02 2.07587800e+02
 2.08617400e+02 2.13024700e+02 2.17110700e+02 2.18882500e+02
 2.20504367e+02 2.21042133e+02 2.22612867e+02 2.23439800e+02
 2.24618400e+02 2.27070200e+02 2.28252600e+02 2.29439433e+02
 2.29663400e+02 2.29710000e+02 2.31179400e+02 2.31521500e+02
 2.34620533e+02 2.35021133e+02 2.39050933e+02 2.39151267e+02
 2.41488233e+02 2.42375500e+02 2.43971033e+02 2.44006067e+02
 2.44530133e+02 2.45588367e+02 2.47230600e+02 2.47560033e+02
 2.47629767e+02 2.48593000e+02 2.48699167e+02 2.50049367e+02
 2.50061167e+02 2.51427800e+02 2.53975967e+02 2.61802900e+02
 2.65591133e+02 2.65686267e+02 2.68228000e+02 2.70055300e+02
 2.78893967e+02 2.80410000e+02 2.81163567e+02 2.82665833e+02
 2.84781833e+02 2.86806333e+02 2.87981300e+02 2.88667467e+02
 2.95030267e+02 2.95032533e+02 2.96213733e+02 2.97172000e+02
 2.98361367e+02 2.99665867e+02 2.99840033e+02 3.04628700e+02
 3.05886633e+02 3.05993567e+02 3.06109700e+02 3.06144600e+02
 3.06669800e+02 3.10850800e+02 3.12284067e+02 3.14490500e+02
 3.14943667e+02 3.15302133e+02 3.17166433e+02 3.19419267e+02
 3.20120633e+02 3.20374333e+02 3.22890033e+02 3.23445000e+02
 3.25717233e+02 3.26075433e+02 3.26677500e+02 3.28682833e+02
 3.28752600e+02 3.37354033e+02 3.38811533e+02 3.42701133e+02
 3.45215400e+02 3.45965600e+02 3.46063200e+02 3.48940933e+02
 3.49774767e+02 3.50367567e+02 3.50404633e+02 3.51248067e+02
 3.51373300e+02 3.52074800e+02 3.54195700e+02 3.54727500e+02
 3.61950167e+02 3.62691067e+02 3.62956133e+02 3.63100067e+02
 3.64995267e+02 3.66249733e+02 3.67934233e+02 3.67936533e+02
 3.70038300e+02 3.72422567e+02 3.75602500e+02 3.78152333e+02
 3.78257033e+02 3.78398933e+02 3.81125167e+02 3.81808133e+02
 3.83057533e+02 3.83296733e+02 3.89911200e+02 3.92494367e+02
 3.92503667e+02 3.93051267e+02 3.93904867e+02 3.95086067e+02
 3.96769500e+02 3.98124733e+02 3.99702000e+02 4.01172233e+02
 4.01525433e+02 4.05296567e+02 4.05994700e+02 4.07347233e+02
 4.08391267e+02 4.08892167e+02 4.10119700e+02 4.11536533e+02
 4.11981733e+02 4.12800933e+02 4.15279667e+02 4.15595533e+02
 4.15615933e+02 4.16938467e+02 4.18052700e+02 4.19948533e+02
 4.20477300e+02 4.21369867e+02 4.25110900e+02 4.28704300e+02
 4.29304367e+02 4.30799133e+02 4.31144600e+02 4.31163133e+02
 4.31601933e+02 4.32680967e+02 4.32908633e+02 4.36178900e+02
 4.36496933e+02 4.38916400e+02 4.40777300e+02 4.41236967e+02
 4.41893700e+02 4.42832200e+02 4.43750667e+02 4.44128167e+02
 4.45835467e+02 4.47698333e+02 4.48946067e+02 4.50681300e+02
 4.51754767e+02 4.51867633e+02 4.55895867e+02 4.57430967e+02
 4.58283500e+02 4.58868500e+02 4.59301867e+02 4.61620633e+02
 4.64504533e+02 4.64842567e+02 4.68196567e+02 4.69241933e+02
 4.69654167e+02 4.73341900e+02 4.73423467e+02 4.73490567e+02
 4.75494900e+02 4.76732000e+02 4.78381867e+02 4.79173833e+02
 4.80472367e+02 4.83274733e+02 4.86410067e+02 4.87290533e+02
 4.95456667e+02 4.95556267e+02 4.95897233e+02 4.96337700e+02
 4.97170967e+02 4.98701833e+02 4.99278767e+02 5.00763267e+02
 5.03636133e+02 5.04887333e+02 5.06486833e+02 5.06776267e+02
 5.07214300e+02 5.09387800e+02 5.09464367e+02 5.10532767e+02
 5.11417933e+02 5.12284633e+02 5.12917933e+02 5.14595967e+02
 5.17944300e+02 5.18391400e+02 5.20949867e+02 5.25056000e+02
 5.25227467e+02 5.25234433e+02 5.25649567e+02 5.46207633e+02
 5.48358733e+02 5.50405800e+02 5.54692367e+02 5.55738667e+02
 5.59644100e+02 5.60330900e+02 5.60717333e+02 5.61495567e+02
 5.62150167e+02 5.62251900e+02 5.63737833e+02 5.64481500e+02
 5.67764333e+02 5.68128367e+02 5.69267333e+02 5.69325067e+02
 5.69331933e+02 5.70842433e+02 5.72155033e+02 5.73022400e+02
 5.74491467e+02 5.82411633e+02 5.85087467e+02 5.91281067e+02
 5.94742900e+02 5.94886800e+02 5.97671400e+02 5.98179767e+02
 6.01378600e+02 6.03097700e+02 6.03398500e+02 6.03981733e+02
 6.06473267e+02 6.06810067e+02 6.08994433e+02 6.10146667e+02
 6.10983567e+02 6.12814533e+02 6.14087300e+02 6.14665500e+02
 6.16351567e+02 6.16462633e+02 6.17317767e+02 6.17447000e+02
 6.23366167e+02 6.23996600e+02 6.24286400e+02 6.24300567e+02
 6.27436100e+02 6.27673267e+02 6.28363133e+02 6.31031433e+02
 6.33275400e+02 6.33453433e+02 6.34237033e+02 6.34387500e+02
 6.35559767e+02 6.36287167e+02 6.36551033e+02 6.39567467e+02
 6.41734967e+02 6.47225933e+02 6.54557800e+02 6.54949500e+02
 6.58148533e+02 6.59704933e+02 6.62058833e+02 6.62571367e+02
 6.72983700e+02 6.78824433e+02 6.79120267e+02 6.79277700e+02
 6.81663600e+02 6.83335100e+02 6.89295867e+02 6.89755567e+02
 6.92954800e+02 6.94986467e+02 6.95510033e+02 6.95798333e+02
 6.97407300e+02 6.99094033e+02 7.00749100e+02 7.00919867e+02
 7.02529900e+02 7.03410100e+02 7.05690533e+02 7.06663033e+02
 7.09283700e+02 7.10610933e+02 7.14648100e+02 7.17611133e+02
 7.19568433e+02 7.20411867e+02 7.20661133e+02 7.20700300e+02
 7.23192067e+02 7.26301467e+02 7.27282800e+02 7.27645567e+02
 7.29497667e+02 7.29559300e+02 7.30207100e+02 7.35355667e+02
 7.35734600e+02 7.36569833e+02 7.38552833e+02 7.38754967e+02
 7.40921300e+02 7.41671067e+02 7.43637633e+02 7.44671967e+02
 7.46942833e+02 7.49331000e+02 7.49550233e+02 7.52851400e+02
 7.53156433e+02 7.54554667e+02 7.57737667e+02 7.58423033e+02
 7.59471467e+02 7.59595567e+02 7.63585900e+02 7.64206400e+02
 7.64550667e+02 7.66793667e+02 7.67468133e+02 7.67727100e+02
 7.67890633e+02 7.69107933e+02 7.70409133e+02 7.73489300e+02
 7.75214600e+02 7.76009567e+02 7.77126400e+02 7.79234833e+02
 7.80123900e+02 7.81869500e+02 7.81891167e+02 7.82694133e+02
 7.83045033e+02 7.84918700e+02 7.90943467e+02 7.91287633e+02
 7.92838733e+02 7.97260400e+02 8.00434700e+02 8.00745967e+02
 8.07399900e+02 8.07875133e+02 8.10356100e+02 8.11641000e+02
 8.15047433e+02 8.15487433e+02 8.15511867e+02 8.16770500e+02
 8.18232100e+02 8.18335933e+02 8.18931767e+02 8.21734333e+02
 8.22543400e+02 8.24136800e+02 8.24266833e+02 8.24429267e+02
 8.24796367e+02 8.25609200e+02 8.25803933e+02 8.26447633e+02
 8.27323767e+02 8.27406700e+02 8.27881433e+02 8.28817600e+02
 8.29725867e+02 8.30705667e+02 8.31889367e+02 8.35497933e+02
 8.42770000e+02 8.45589767e+02 8.46221933e+02 8.46968467e+02
 8.47348700e+02 8.49409067e+02 8.50417000e+02 8.51308800e+02
 8.52177300e+02 8.54348833e+02 8.59237967e+02 8.61442167e+02
 8.63383433e+02 8.63558667e+02 8.64582133e+02 8.65717133e+02
 8.70568500e+02 8.70690900e+02 8.75111100e+02 8.77525300e+02
 8.79177000e+02 8.79318933e+02 8.84994033e+02 8.85900133e+02
 8.87547700e+02 8.87585800e+02 8.87961633e+02 8.88875500e+02
 8.90077633e+02 8.90204367e+02 8.90434667e+02 8.93076233e+02
 8.94009633e+02 8.96008133e+02 8.97399500e+02 8.97611500e+02
 8.98759533e+02 8.98791833e+02 8.99065600e+02 9.01263333e+02
 9.01733033e+02 9.02283633e+02 9.02847967e+02 9.02905533e+02
 9.03598733e+02 9.06563167e+02 9.09869300e+02 9.10767000e+02
 9.10822300e+02 9.11979533e+02 9.13365867e+02 9.13586800e+02
 9.15331900e+02 9.15550667e+02 9.15947100e+02 9.15970100e+02
 9.16006867e+02 9.17328267e+02 9.19877267e+02 9.20580400e+02
 9.21307967e+02 9.21589167e+02 9.22963433e+02 9.24739867e+02
 9.27412867e+02 9.28710800e+02 9.32439733e+02 9.33960133e+02
 9.37308200e+02 9.40893867e+02 9.42733800e+02 9.44533933e+02
 9.44842267e+02 9.47027300e+02 9.47111200e+02 9.52261533e+02
 9.52285933e+02 9.55276333e+02 9.56680067e+02 9.57848400e+02
 9.58419200e+02 9.58697367e+02 9.64276667e+02 9.64693100e+02
 9.65632200e+02 9.66232967e+02 9.66950733e+02 9.67159333e+02
 9.68357933e+02 9.68891967e+02 9.70841833e+02 9.73045433e+02
 9.77031900e+02 9.77809867e+02 9.78509533e+02 9.79020433e+02
 9.80567133e+02 9.80975833e+02 9.81383267e+02 9.81468233e+02
 9.84755233e+02 9.85277033e+02 9.85497800e+02 9.85526033e+02
 9.87933033e+02 9.89591367e+02 9.92230767e+02 9.93443767e+02
 9.93693133e+02 9.94541100e+02 9.95786300e+02 9.96303033e+02
 9.96920967e+02 9.97279600e+02 9.97999100e+02 9.98135133e+02
 1.00130830e+03 1.00271607e+03 1.00554253e+03 1.00568257e+03
 1.00701603e+03 1.01116687e+03 1.01249243e+03 1.01293157e+03
 1.01338423e+03 1.01377557e+03 1.01475817e+03 1.01529863e+03
 1.01556763e+03 1.01577703e+03 1.01723240e+03 1.01766713e+03
 1.01784170e+03 1.01906277e+03 1.02214963e+03 1.02267430e+03
 1.02406747e+03 1.02408123e+03 1.02990853e+03 1.03360650e+03
 1.03417433e+03 1.03569873e+03 1.03598633e+03 1.03686980e+03
 1.03925463e+03 1.03945930e+03 1.04111770e+03 1.04176853e+03
 1.04200063e+03 1.04243720e+03 1.04336050e+03 1.04496143e+03
 1.04755373e+03 1.05267273e+03 1.05421163e+03 1.06075117e+03
 1.06170100e+03 1.06191483e+03 1.06302007e+03 1.06323407e+03
 1.06375063e+03 1.06497353e+03 1.06781300e+03 1.06806340e+03
 1.06827723e+03 1.06874550e+03 1.07050117e+03 1.07437823e+03
 1.07740673e+03 1.07897600e+03 1.08140843e+03 1.08161483e+03
 1.08323420e+03 1.08479093e+03 1.08484857e+03 1.08488303e+03
 1.08541380e+03 1.08758590e+03 1.08840330e+03 1.08946980e+03
 1.09035457e+03 1.09218997e+03 1.09454353e+03 1.09732280e+03
 1.09773853e+03 1.09783407e+03 1.09896550e+03 1.10276750e+03
 1.10603507e+03 1.10676777e+03 1.10744040e+03 1.10868107e+03
 1.11080637e+03 1.11090240e+03 1.11243617e+03 1.11669087e+03
 1.12258790e+03 1.12343273e+03 1.12611013e+03 1.12728530e+03
 1.12791647e+03 1.12925493e+03 1.13002840e+03 1.13694727e+03
 1.13833213e+03 1.14273080e+03 1.14543090e+03 1.14543437e+03
 1.14629797e+03 1.14677947e+03 1.14942730e+03 1.15052907e+03
 1.15616360e+03 1.15783517e+03 1.15796383e+03 1.15860747e+03
 1.15996883e+03 1.15999400e+03 1.16497497e+03 1.16668680e+03
 1.16719397e+03 1.16882213e+03 1.17665940e+03 1.18027323e+03
 1.18182813e+03 1.18348600e+03 1.18482830e+03 1.19308147e+03
 1.19309693e+03 1.19316347e+03 1.19334753e+03 1.19535893e+03
 1.19876293e+03 1.20042507e+03 1.20144810e+03 1.21180493e+03
 1.21350127e+03 1.21398493e+03 1.21455150e+03 1.21468463e+03
 1.21809620e+03 1.21997220e+03 1.22384873e+03 1.22454653e+03
 1.22517153e+03 1.22554790e+03 1.22633253e+03 1.24307160e+03
 1.24879897e+03 1.25009797e+03 1.25210397e+03 1.25361740e+03
 1.25449317e+03 1.25468113e+03 1.25514753e+03 1.25664657e+03
 1.25668320e+03 1.25948347e+03 1.25976977e+03 1.26185747e+03
 1.26584130e+03 1.28021163e+03 1.28021620e+03 1.28549037e+03
 1.28623797e+03 1.29082987e+03 1.29179313e+03 1.29181607e+03
 1.29460650e+03 1.29692820e+03 1.29763827e+03 1.29883863e+03
 1.30134093e+03 1.30298877e+03 1.30365963e+03 1.30391660e+03
 1.30417303e+03 1.30442313e+03 1.30627183e+03 1.30822217e+03
 1.31047087e+03 1.31279190e+03 1.31344303e+03 1.31411610e+03
 1.31497780e+03 1.31639663e+03 1.31734337e+03 1.32146210e+03
 1.32152617e+03 1.32249553e+03 1.32643983e+03 1.32655187e+03
 1.32760277e+03 1.32846640e+03 1.33069723e+03 1.33499713e+03
 1.33775347e+03 1.33838993e+03 1.33875227e+03 1.34272930e+03
 1.34908093e+03 1.34933043e+03 1.35132747e+03 1.35278103e+03
 1.35479960e+03 1.35649253e+03 1.35817927e+03 1.36034797e+03
 1.36098603e+03 1.36127237e+03 1.36306317e+03 1.36323983e+03
 1.36666117e+03 1.36694487e+03 1.36932323e+03 1.37111453e+03
 1.37144647e+03 1.37255490e+03 1.37451847e+03 1.37541083e+03
 1.37749383e+03 1.37754627e+03 1.37844410e+03 1.37848083e+03
 1.38300067e+03 1.38376073e+03 1.38518147e+03 1.38521207e+03
 1.38642093e+03 1.39068413e+03 1.39164973e+03 1.39205793e+03
 1.39348553e+03 1.39348957e+03 1.39399717e+03 1.39614720e+03
 1.39656873e+03 1.39729873e+03 1.39739490e+03 1.39744553e+03
 1.39957380e+03 1.40005227e+03 1.40012120e+03 1.40029720e+03
 1.40152667e+03 1.40315173e+03 1.40335763e+03 1.40715507e+03
 1.40774290e+03 1.40902460e+03 1.41335837e+03 1.41641990e+03
 1.41685410e+03 1.41720153e+03 1.41796787e+03 1.41815240e+03
 1.41844793e+03 1.41871327e+03 1.42218237e+03 1.42316040e+03
 1.42531770e+03 1.42573893e+03 1.42807413e+03 1.42893467e+03
 1.43009260e+03 1.43437713e+03 1.43463613e+03 1.43830370e+03
 1.44318923e+03 1.44438627e+03 1.44595950e+03 1.44836717e+03
 1.44866647e+03 1.45205503e+03 1.45217177e+03 1.45735767e+03
 1.45749993e+03 1.45762343e+03 1.46036830e+03 1.46368103e+03
 1.46463717e+03 1.46677297e+03 1.48733160e+03 1.49227723e+03
 1.49358160e+03 1.49387713e+03 1.49894367e+03 1.49904317e+03
 1.50314093e+03 1.51037690e+03 1.51178867e+03 1.51388317e+03
 1.51747577e+03 1.52057653e+03 1.52072507e+03 1.52151617e+03
 1.52275807e+03 1.52312223e+03 1.52336473e+03 1.52389347e+03
 1.52435973e+03 1.52478263e+03 1.52520790e+03 1.52545517e+03
 1.52584177e+03 1.52839030e+03 1.53161760e+03 1.53205497e+03
 1.53347477e+03 1.53583593e+03 1.53753457e+03 1.53843557e+03
 1.53980603e+03 1.54250227e+03 1.54403620e+03 1.54593880e+03
 1.54784990e+03 1.54865690e+03 1.55410803e+03 1.55914073e+03
 1.55999093e+03 1.56184357e+03 1.56940053e+03 1.57173927e+03
 1.57249333e+03 1.57314220e+03 1.57682627e+03 1.57717890e+03
 1.57856367e+03 1.57945903e+03 1.58209047e+03 1.58256957e+03
 1.58416650e+03 1.58544320e+03 1.58663010e+03 1.58672957e+03
 1.59101173e+03 1.59137840e+03 1.59920803e+03 1.60860407e+03
 1.60932837e+03 1.61152063e+03 1.61355123e+03 1.61461783e+03
 1.61474730e+03 1.61483463e+03 1.61553320e+03 1.61672090e+03
 1.61695157e+03 1.61708567e+03 1.61796777e+03 1.61888553e+03
 1.61916753e+03 1.62097987e+03 1.62203483e+03 1.62792003e+03
 1.62890353e+03 1.63064567e+03 1.63102013e+03 1.63506807e+03
 1.63636707e+03 1.63663110e+03 1.63787830e+03 1.64377943e+03
 1.64729397e+03 1.64990303e+03 1.64991680e+03]",951,0.5763988258030621,mRACC6,9.000004053115845,28.599992513656616,23.199994444847107
207,1988,"[2.56600000e-01 5.22866667e-01 7.22133333e-01 ... 1.66343533e+03
 1.66361870e+03 1.66370233e+03]",3825,2.299443813135513,mRACC7,9.000004053115845,27.39999258518219,23.199994444847107
207,2001,"[   2.7072        3.04726667    3.39773333 ... 1663.75933333 1663.81373333
 1664.18363333]",5357,3.224240737048873,mRACC7,9.000004053115845,27.39999258518219,23.199994444847107
210,4424,"[2.17333333e-01 4.08533333e-01 5.92400000e-01 ... 1.65447123e+03
 1.65454063e+03 1.65509963e+03]",9533,5.760530522321738,mRAHIP2,16.600003600120544,-3.000005602836609,-16.40000319480896
210,4457,"[8.05866667e-01 1.14036333e+01 1.76597667e+01 ... 1.64497233e+03
 1.65278347e+03 1.65456087e+03]",5651,3.41707205722734,mRAHIP2,16.600003600120544,-3.000005602836609,-16.40000319480896
210,4546,"[3.11766667e-01 3.27633333e-01 3.40600000e-01 ... 1.66339237e+03
 1.66340233e+03 1.66340827e+03]",6376,3.8338124095625234,mRAHIP2,16.600003600120544,-3.000005602836609,-16.40000319480896
211,2553,"[   4.43663333   10.8096       17.22673333   23.28776667   30.46816667
   31.78866667   41.9563       46.72253333   51.89363333   67.26723333
   73.4725       75.7926       76.94823333   89.99026667   91.19886667
   94.76443333   96.5139      104.95923333  125.11883333  127.3036
  127.70466667  131.53846667  136.22506667  143.39976667  152.93343333
  156.51316667  159.2159      159.2219      171.10843333  185.57403333
  202.8226      204.084       204.0908      211.94443333  219.49473333
  223.38603333  225.88113333  226.61393333  229.29676667  236.58313333
  246.87823333  254.737       279.7962      282.8859      286.67863333
  290.57223333  292.40566667  292.53486667  304.6016      330.46886667
  336.18423333  341.96476667  344.9233      349.40366667  358.5318
  359.3961      366.4549      373.2016      384.18686667  392.11036667
  410.1091      436.75193333  436.78056667  437.89873333  450.76966667
  450.7755      457.40223333  459.89016667  477.4171      484.54396667
  488.53016667  489.48096667  496.0201      511.0115      519.79523333
  522.61566667  523.73826667  524.95146667  526.08986667  526.09693333
  547.53246667  548.599       553.8695      554.75473333  559.4063
  560.98116667  561.9861      563.08556667  566.7533      569.41516667
  577.98736667  579.56983333  591.8003      601.35826667  601.38183333
  603.53636667  605.65636667  608.79786667  608.81453333  612.3335
  618.4141      625.2344      636.0809      637.8859      640.9525
  649.3389      668.21283333  673.7878      681.7282      682.64513333
  690.134       704.3389      711.209       714.09386667  722.38213333
  729.60363333  734.04283333  739.3634      739.60303333  746.9425
  753.06683333  758.31523333  765.1763      781.7781      787.46973333
  788.1923      793.47566667  794.4693      799.8569      802.604
  814.47766667  823.19643333  823.55146667  824.70113333  825.18263333
  835.37766667  839.65666667  853.17393333  858.75923333  870.13656667
  872.90226667  873.66136667  881.7447      882.3059      885.42896667
  892.66726667  900.56553333  904.40176667  908.88516667  912.29736667
  915.66396667  919.22086667  919.3302      924.62493333  927.7971
  930.01646667  930.24056667  930.2812      932.719       943.45476667
  947.49706667  950.26156667  967.97433333  969.45643333  971.5427
  971.55        974.2215      986.97803333  992.6692      993.2998
  995.1122      996.30143333 1001.5003     1001.5252     1004.69873333
 1006.42563333 1008.03983333 1018.714      1024.9485     1025.81283333
 1033.23306667 1033.24163333 1039.46223333 1039.49703333 1054.03953333
 1066.19323333 1068.4027     1070.208      1070.24473333 1073.5684
 1080.82543333 1085.33226667 1087.27753333 1088.88476667 1102.5266
 1126.7615     1127.99286667 1130.13393333 1135.56173333 1136.8312
 1157.21143333 1157.2231     1159.22273333 1172.09293333 1174.92523333
 1180.46723333 1186.65093333 1189.98646667 1201.15956667 1207.34713333
 1210.6723     1216.17586667 1217.3006     1224.16393333 1224.78986667
 1226.0107     1231.2044     1232.00026667 1232.72776667 1237.91213333
 1240.2479     1240.31016667 1249.22733333 1249.42216667 1265.9037
 1267.27943333 1285.213      1291.48403333 1302.70946667 1311.46343333
 1313.19826667 1317.18093333 1325.28813333 1329.48793333 1331.29033333
 1336.70663333 1338.25636667 1339.6525     1339.68453333 1341.13763333
 1343.1119     1343.71423333 1344.36303333 1345.2957     1345.3027
 1359.3531     1359.36123333 1361.3492     1366.3488     1366.3751
 1371.08273333 1373.43836667 1374.05836667 1380.33943333 1394.97686667
 1396.2572     1399.46173333 1400.46973333 1403.11316667 1404.07706667
 1407.14553333 1410.06373333 1421.38376667 1427.55853333 1430.59316667
 1430.95106667 1432.73256667 1434.22563333 1437.10736667 1439.4485
 1439.4636     1441.81193333 1441.83323333 1444.2102     1445.56353333
 1450.16886667 1451.21326667 1456.90763333 1459.47353333 1459.73956667
 1462.42713333 1464.62193333 1465.32733333 1468.8837     1468.93006667
 1469.03493333 1471.63393333 1481.9402     1481.94796667 1486.50403333
 1486.55413333 1490.81133333 1494.57273333 1494.58623333 1494.5934
 1495.6954     1496.11553333 1499.65986667 1499.6664     1505.16983333
 1505.19473333 1511.61       1515.59123333 1520.98343333 1532.80956667
 1537.12473333 1541.808      1542.93653333 1544.3534     1544.36006667
 1550.59506667 1552.4041     1557.24853333 1564.27096667 1565.60263333
 1570.5184     1576.01353333 1580.00313333 1582.14076667 1589.22216667
 1592.4237     1592.43073333 1594.0873     1602.18473333 1602.19976667
 1606.81623333 1609.20286667 1617.45903333 1618.53386667 1622.72683333
 1623.3486     1628.0184     1637.1205     1639.8146     1640.34903333]",335,0.204778691083948,mRAHIP3,16.600003600120544,-0.6000057458877563,-16.40000319480896
211,2793,"[1.53243333e+00 3.33893333e+00 3.98250000e+00 4.00600000e+00
 2.25658333e+01 2.25987333e+01 2.67730333e+01 3.02733000e+01
 3.04920333e+01 3.13732333e+01 3.30709333e+01 3.31025000e+01
 4.85940667e+01 4.86048667e+01 5.21135667e+01 5.44189333e+01
 5.54669667e+01 5.54757000e+01 5.54832667e+01 6.13928667e+01
 6.37526000e+01 6.37713000e+01 6.43276667e+01 6.86765667e+01
 6.86951667e+01 6.95878333e+01 7.26136333e+01 7.56409333e+01
 7.56519667e+01 7.71843667e+01 7.74087000e+01 7.81258333e+01
 7.91533667e+01 8.10499000e+01 8.56129667e+01 9.07978667e+01
 1.00262933e+02 1.05514067e+02 1.05955600e+02 1.09851933e+02
 1.18658967e+02 1.40107967e+02 1.48879833e+02 1.84002533e+02
 1.85718100e+02 2.17145667e+02 2.18139533e+02 2.50331200e+02
 2.63841033e+02 2.69922000e+02 2.74781300e+02 2.86618467e+02
 2.88557000e+02 2.89882933e+02 2.91090833e+02 3.00019933e+02
 3.29984733e+02 3.32253867e+02 3.37872000e+02 3.41666900e+02
 3.44837200e+02 3.48190567e+02 3.50303267e+02 3.53975633e+02
 3.54293833e+02 3.59247167e+02 3.62453900e+02 3.68182300e+02
 3.68201200e+02 3.76460067e+02 3.81253333e+02 3.84267633e+02
 3.89034133e+02 3.89981633e+02 3.99746833e+02 4.07949767e+02
 4.07989967e+02 4.36947100e+02 4.56946533e+02 4.71619300e+02
 5.05173633e+02 5.05192100e+02 5.21443133e+02 5.26549500e+02
 5.26567000e+02 5.29949900e+02 5.50675367e+02 5.54366200e+02
 5.57080967e+02 5.72931600e+02 5.82859000e+02 5.85415967e+02
 5.89314033e+02 5.92816967e+02 5.99060567e+02 5.99934733e+02
 6.01004033e+02 6.02539600e+02 6.03026267e+02 6.09251433e+02
 6.12858667e+02 6.12874533e+02 6.19001100e+02 6.22758267e+02
 6.26845400e+02 6.31577033e+02 6.37571300e+02 6.38297967e+02
 6.41163467e+02 6.41178233e+02 6.44397033e+02 6.44430300e+02
 6.44697700e+02 6.54656533e+02 6.54718700e+02 6.54770833e+02
 6.54802900e+02 6.56016833e+02 6.58631200e+02 6.64320400e+02
 6.65312900e+02 6.68188000e+02 6.71225800e+02 6.72453633e+02
 6.76509833e+02 6.86290233e+02 6.89894567e+02 6.99401300e+02
 7.00916100e+02 7.04095667e+02 7.10081967e+02 7.10738933e+02
 7.10752667e+02 7.12269900e+02 7.12572367e+02 7.21247500e+02
 7.37950300e+02 7.40774600e+02 7.46678967e+02 7.47604800e+02
 7.53986700e+02 7.59406033e+02 7.61499567e+02 7.61517433e+02
 7.63310300e+02 7.63957433e+02 7.65205967e+02 7.71329533e+02
 7.72973400e+02 7.73579067e+02 7.79138167e+02 7.79166433e+02
 7.79408767e+02 7.84287867e+02 7.87894067e+02 7.89629700e+02
 7.92916633e+02 7.94403733e+02 7.94428733e+02 8.01933033e+02
 8.07132600e+02 8.12483367e+02 8.12500367e+02 8.26757767e+02
 8.29874567e+02 8.39135167e+02 8.40166033e+02 8.41557733e+02
 8.44923233e+02 8.51903300e+02 8.52306233e+02 8.53484067e+02
 8.55358367e+02 8.55620133e+02 8.55649667e+02 8.58255900e+02
 8.58562133e+02 8.58655567e+02 8.64611367e+02 8.64652367e+02
 8.69320200e+02 8.69746067e+02 8.79928067e+02 8.82204633e+02
 8.92649633e+02 8.93419867e+02 8.93524333e+02 9.24316900e+02
 9.33583667e+02 9.35723433e+02 9.41511667e+02 9.43719000e+02
 9.47141333e+02 9.47157633e+02 9.50566933e+02 9.53582000e+02
 9.53602767e+02 9.59971767e+02 9.65813300e+02 9.69517533e+02
 9.77952633e+02 9.80458067e+02 9.81601567e+02 9.81662000e+02
 9.89307233e+02 9.96347567e+02 1.00173703e+03 1.00175693e+03
 1.02385323e+03 1.03136070e+03 1.03587543e+03 1.03831113e+03
 1.03936737e+03 1.04900533e+03 1.05572157e+03 1.05624910e+03
 1.05952077e+03 1.06679977e+03 1.07007377e+03 1.08079867e+03
 1.08222670e+03 1.10941013e+03 1.11418593e+03 1.12707577e+03
 1.12708923e+03 1.13127680e+03 1.13140880e+03 1.13966780e+03
 1.14189767e+03 1.14439707e+03 1.14844947e+03 1.15353377e+03
 1.15733057e+03 1.16569840e+03 1.16823530e+03 1.17083243e+03
 1.17153637e+03 1.17155947e+03 1.17224933e+03 1.17436390e+03
 1.17503077e+03 1.17820850e+03 1.18193627e+03 1.18313423e+03
 1.18830277e+03 1.19830727e+03 1.19834850e+03 1.20152713e+03
 1.20238727e+03 1.20244560e+03 1.20397370e+03 1.20603087e+03
 1.21033123e+03 1.21177810e+03 1.21415680e+03 1.21800293e+03
 1.21810070e+03 1.21874790e+03 1.21950330e+03 1.21951947e+03
 1.22111367e+03 1.22378793e+03 1.22576120e+03 1.23604273e+03
 1.23637073e+03 1.23778323e+03 1.23996853e+03 1.23998680e+03
 1.24145657e+03 1.24454120e+03 1.24472033e+03 1.24806500e+03
 1.24818780e+03 1.25026410e+03 1.25320230e+03 1.25487363e+03
 1.25647993e+03 1.25703250e+03 1.25708680e+03 1.26067867e+03
 1.26069490e+03 1.26086450e+03 1.26770853e+03 1.27560120e+03
 1.27565453e+03 1.27610187e+03 1.27801673e+03 1.27943880e+03
 1.28296720e+03 1.28390947e+03 1.28435917e+03 1.29178580e+03
 1.30280073e+03 1.32396660e+03 1.32659300e+03 1.32667017e+03
 1.32785983e+03 1.33128090e+03 1.34309367e+03 1.34372913e+03
 1.34479313e+03 1.34959223e+03 1.35284060e+03 1.35487140e+03
 1.36610470e+03 1.39089477e+03 1.39230530e+03 1.39233510e+03
 1.39414170e+03 1.39552803e+03 1.40080730e+03 1.40250747e+03
 1.40432923e+03 1.40708167e+03 1.40718177e+03 1.40903740e+03
 1.41173760e+03 1.41231177e+03 1.42058000e+03 1.42060470e+03
 1.42372237e+03 1.43464390e+03 1.45643073e+03 1.45652917e+03
 1.46468520e+03 1.48981750e+03 1.49586827e+03 1.49856317e+03
 1.50488777e+03 1.50522130e+03 1.52809080e+03 1.53395413e+03
 1.53743140e+03 1.54122100e+03 1.54216737e+03 1.54239047e+03
 1.54450980e+03 1.54838683e+03 1.55133927e+03 1.55395983e+03
 1.57505710e+03 1.57708737e+03 1.58036547e+03 1.58469810e+03
 1.58492033e+03 1.58493183e+03 1.59222720e+03 1.59478367e+03
 1.59483117e+03 1.59622703e+03 1.60311540e+03 1.60578950e+03
 1.60723057e+03 1.61374080e+03 1.61374490e+03 1.61481413e+03
 1.62129963e+03 1.63204607e+03 1.63751473e+03 1.64049633e+03
 1.64232163e+03 1.64320567e+03 1.64388637e+03 1.64521240e+03]",364,0.22145430216453935,mRAHIP3,16.600003600120544,-0.6000057458877563,-16.40000319480896
211,2862,"[   2.71666667    2.72336667    2.73293333 ... 1661.9441     1662.42863333
 1662.4367    ]",1817,1.0947629500806773,mRAHIP3,16.600003600120544,-0.6000057458877563,-16.40000319480896
211,2891,"[4.18366667e-01 4.26466667e-01 4.32800000e-01 ... 1.66171430e+03
 1.66202763e+03 1.66348537e+03]",4131,2.483964867320439,mRAHIP3,16.600003600120544,-0.6000057458877563,-16.40000319480896
213,2104,"[  10.1952       27.75346667   47.03273333 ... 1657.89903333 1659.49296667
 1664.08263333]",1163,0.7031917508775234,mRAHIP5,17.80000352859497,-3.000005602836609,-16.40000319480896
213,2153,"[6.68166667e-01 9.68133333e-01 2.17110000e+00 ... 1.66406790e+03
 1.66473440e+03 1.66495560e+03]",3999,2.402830136132535,mRAHIP5,17.80000352859497,-3.000005602836609,-16.40000319480896
216,1079,"[   2.503        13.18403333   28.1136       32.74673333   39.76976667
   53.11756667   57.5726       59.2222       61.43606667   63.04283333
   73.67793333   78.24486667  100.80706667  105.25906667  107.38213333
  107.62486667  108.92433333  109.89773333  111.50366667  111.60643333
  114.0067      123.6263      123.95516667  125.76486667  125.89776667
  135.78363333  141.66816667  143.04663333  144.31443333  149.44393333
  149.81333333  151.5686      162.12233333  168.96973333  174.49646667
  175.2342      185.89766667  185.90933333  207.3238      207.3404
  218.6602      226.6198      227.0662      228.30976667  230.60473333
  232.4115      236.80433333  239.079       241.0716      247.83203333
  247.89        260.72793333  267.24783333  270.10383333  280.02896667
  281.44816667  284.1236      300.54916667  300.5558      302.50843333
  302.7253      302.72983333  306.72783333  306.73953333  308.45726667
  308.46413333  308.46646667  309.14253333  318.95853333  330.4324
  332.54826667  337.45413333  338.63676667  338.85783333  344.822
  349.91896667  351.75693333  364.50106667  366.91866667  369.78533333
  389.69503333  393.12906667  395.4016      399.159       401.2954
  406.0412      406.27753333  408.303       416.6089      417.35856667
  418.4309      419.88393333  423.82066667  430.24663333  431.537
  437.98383333  438.11613333  438.43083333  439.07923333  440.7192
  450.52833333  454.2058      464.68963333  466.1573      466.16403333
  472.41656667  472.42943333  475.8751      479.19233333  479.71053333
  488.55246667  492.77706667  501.5466      502.49443333  510.92446667
  512.71313333  523.73366667  523.93096667  525.2784      529.60093333
  541.40913333  549.5995      549.8013      550.4081      553.9745
  560.04403333  566.7066      573.10796667  573.11966667  576.18996667
  576.22223333  579.6924      581.2432      586.0327      590.92973333
  611.89403333  615.28713333  615.9956      616.7585      618.13796667
  619.34243333  619.91043333  628.09026667  631.2986      632.90556667
  633.94146667  635.78593333  650.39556667  660.18293333  661.80476667
  667.2988      667.64583333  668.31566667  668.32953333  670.14813333
  685.12773333  687.78266667  687.9673      690.70496667  694.697
  696.52096667  704.71796667  712.6483      712.65056667  714.23703333
  714.7705      719.25443333  722.13473333  733.03223333  733.70756667
  734.8713      734.87543333  735.0902      736.65303333  737.82056667
  740.01376667  741.8396      745.17706667  749.06366667  756.9575
  758.29146667  759.5517      761.3611      762.61166667  763.73803333
  764.09556667  764.86913333  765.46876667  765.92346667  767.84216667
  781.6537      782.79346667  789.05833333  790.0529      790.06673333
  794.0725      794.23716667  796.0566      807.1072      809.15953333
  820.5458      826.13823333  826.14283333  827.58863333  827.59316667
  844.56153333  844.67213333  844.74586667  847.1436      847.19206667
  849.0125      855.17156667  858.55363333  862.03196667  870.57086667
  871.69843333  880.31563333  880.3364      880.3385      882.34006667
  886.79586667  886.987       888.92616667  896.83973333  905.19123333
  905.55496667  906.36243333  906.45806667  906.4741      907.36176667
  919.10096667  925.43083333  929.94756667  932.6794      940.75323333
  950.64056667  952.0512      952.21        953.88333333  956.4157
  960.4752      967.38496667  968.08216667  976.41093333  989.29116667
  989.4154      990.8624      991.8331      993.20663333  993.45293333
  993.47376667  994.47        999.1588     1002.65876667 1009.8978
 1014.10493333 1015.1792     1024.60973333 1026.16866667 1026.5804
 1031.28826667 1035.697      1037.9622     1038.34456667 1038.71453333
 1039.61356667 1040.24836667 1042.27866667 1047.46856667 1048.68433333
 1049.60556667 1050.3737     1050.44496667 1053.9659     1054.8024
 1056.78443333 1059.61656667 1059.9062     1061.9353     1064.36896667
 1064.3712     1068.3049     1068.647      1069.95206667 1078.17663333
 1078.40366667 1079.70696667 1080.017      1082.16876667 1082.4969
 1090.12246667 1092.8869     1103.45656667 1103.82416667 1103.8517
 1104.45123333 1108.63626667 1109.08193333 1112.89666667 1113.03696667
 1113.28543333 1113.6623     1114.0802     1114.11003333 1114.49163333
 1119.56583333 1128.3297     1128.71013333 1131.8434     1134.87013333
 1136.47666667 1137.45256667 1137.579      1138.36423333 1154.4978
 1158.29006667 1162.93926667 1168.45933333 1169.2783     1171.76113333
 1175.03343333 1175.06693333 1177.8114     1178.2842     1191.62723333
 1193.24993333 1193.31313333 1194.32636667 1199.09886667 1199.57393333
 1199.66103333 1200.60646667 1202.1263     1202.74083333 1205.91313333
 1207.4996     1207.67166667 1213.51966667 1213.8772     1220.29526667
 1221.41713333 1221.43093333 1226.32803333 1234.14416667 1235.76153333
 1236.39293333 1237.08253333 1238.38816667 1238.8559     1239.17743333
 1242.87613333 1244.72036667 1260.14186667 1270.69726667 1279.15226667
 1282.45146667 1290.0755     1290.1718     1294.37016667 1294.80833333
 1301.93253333 1303.13746667 1310.25806667 1313.7754     1314.5993
 1316.07356667 1316.17663333 1318.0513     1319.50086667 1324.01686667
 1325.4232     1326.07003333 1336.67896667 1339.15556667 1341.22266667
 1352.55856667 1355.9605     1356.00403333 1356.28773333 1357.25673333
 1358.45213333 1360.63373333 1361.751      1363.64933333 1368.8984
 1376.01276667 1376.15486667 1377.8118     1378.73256667 1387.01546667
 1388.85333333 1390.1807     1391.55863333 1395.8516     1396.4016
 1396.44283333 1397.3194     1399.4846     1404.5244     1413.9256
 1415.78143333 1416.88856667 1417.8256     1418.63086667 1422.55976667
 1424.39306667 1426.4528     1429.39636667 1439.03386667 1447.6848
 1452.3222     1455.40153333 1456.99336667 1458.5821     1467.86356667
 1473.49993333 1475.5545     1476.5995     1483.13096667 1485.83606667
 1488.00456667 1489.30166667 1490.91623333 1506.80926667 1511.82066667
 1514.9167     1514.9602     1515.64393333 1516.35293333 1529.44806667
 1530.2598     1540.66723333 1553.89806667 1559.31473333 1571.06456667
 1575.72323333 1576.69373333 1582.5674     1583.17266667 1586.08566667
 1588.1709     1592.4628     1597.0442     1608.66813333 1611.0373
 1619.12516667 1621.71263333 1628.92963333 1631.49063333 1664.3796    ]",450,0.27077822745684005,mRAHIP8,19.000003457069397,-3.000005602836609,-16.40000319480896
216,1110,"[   2.80576667    3.64073333    4.81416667    7.523         7.53703333
    9.85096667   12.2082       19.01523333   20.0301       20.51033333
   21.16746667   21.6288       22.5766       26.62803333   27.75413333
   28.23613333   28.73816667   30.38706667   33.86513333   55.21323333
   57.7658       58.058        61.0336       73.0658       74.46226667
   76.4229       77.3784       78.23316667   87.5779       87.79283333
  100.09956667  100.5429      100.8628      101.51353333  102.22446667
  104.22443333  106.37776667  109.1692      109.71253333  117.2652
  123.6007      125.77066667  128.83846667  129.8785      135.29386667
  137.85063333  141.00813333  141.67276667  149.12703333  149.47193333
  149.47516667  153.997       154.30193333  162.63796667  163.80116667
  168.97623333  174.52143333  174.74403333  174.98096667  175.2482
  179.25323333  181.78356667  185.90466667  200.7684      200.77493333
  207.69526667  207.97476667  208.7594      208.9098      211.05213333
  214.53816667  215.61173333  224.94203333  228.29683333  228.3039
  229.3677      230.8473      230.85373333  231.8178      235.59166667
  236.802       237.37766667  238.52503333  238.8415      238.86243333
  239.3417      241.73963333  243.56673333  247.81343333  251.30906667
  252.30746667  252.53936667  252.54153333  252.5461      255.55126667
  262.3549      263.56926667  263.8346      267.03123333  267.2432
  279.00103333  279.0963      280.0368      281.4305      281.4402
  285.5555      288.57963333  295.69766667  295.70363333  295.71156667
  296.08096667  296.19216667  300.00296667  301.66073333  302.228
  302.52763333  306.47936667  307.19326667  307.5865      308.45986667
  309.76243333  310.0399      310.04343333  312.66513333  314.93443333
  320.3851      320.59303333  320.59953333  322.22243333  322.237
  322.2509      328.64103333  329.0337      329.16116667  329.4319
  331.33566667  337.28893333  337.4146      337.44786667  337.79336667
  339.84513333  342.58246667  342.8686      343.5987      346.84813333
  348.2244      348.8181      349.08236667  354.9668      355.2178
  355.50973333  356.53606667  356.78113333  360.72613333  360.73953333
  363.32943333  365.33043333  366.93256667  366.99996667  369.88026667
  379.12566667  380.12513333  385.3439      386.0027      387.96273333
  393.45216667  398.5467      400.8723      401.21656667  401.2288
  417.6908      418.44496667  418.69156667  418.7207      418.72726667
  419.15953333  424.3921      424.3947      424.39723333  424.84633333
  424.8882      425.26163333  426.83506667  430.29513333  432.15336667
  434.13213333  434.1401      438.89053333  450.54626667  452.3382
  459.8337      459.9979      460.49196667  462.2533      469.6543
  472.05963333  472.44556667  475.8959      488.5604      492.7858
  492.80046667  493.82656667  497.0493      504.11113333  505.28123333
  509.70266667  510.29623333  511.22563333  512.7573      514.33973333
  516.3828      516.96443333  518.76423333  521.90693333  522.44106667
  522.71103333  524.93783333  527.73473333  528.01506667  530.70026667
  533.54923333  534.05283333  534.6992      534.7214      536.79553333
  541.06626667  543.86333333  544.24726667  544.49503333  545.45083333
  546.20996667  548.04643333  548.1527      550.08873333  550.7281
  552.54993333  555.9818      559.7181      568.72873333  568.92703333
  569.5196      569.63693333  569.77673333  572.47383333  572.7216
  573.8985      575.3211      575.73633333  576.683       578.0759
  580.93776667  583.95333333  584.72183333  584.89443333  585.05736667
  589.01016667  591.33436667  592.52283333  593.3686      595.2341
  595.39566667  597.10193333  597.107       602.72236667  605.1298
  605.46406667  607.50356667  616.72853333  617.95626667  618.26726667
  619.7302      624.0593      624.18006667  624.9774      626.99836667
  627.00153333  630.48516667  634.48246667  636.211       636.32693333
  638.58853333  639.4863      642.80356667  648.2611      653.26043333
  653.86273333  653.9942      655.7021      656.15286667  658.93916667
  660.64233333  661.85556667  663.54943333  666.79753333  668.34416667
  668.69336667  671.43603333  671.4643      672.74763333  673.0876
  676.51293333  677.79486667  678.2455      678.29503333  678.38923333
  678.71413333  679.0013      681.87683333  681.91986667  684.15103333
  684.43706667  685.2634      691.2795      692.8649      693.75446667
  696.19543333  701.4774      701.84093333  703.4657      704.08373333
  706.1075      706.95456667  707.04243333  711.9939      713.9832
  714.39163333  721.4879      723.62683333  733.6905      733.69926667
  733.7041      733.7146      733.8506      740.2818      743.83616667
  745.1813      747.63236667  752.16883333  753.42213333  758.48083333
  758.79723333  759.2216      759.5217      764.10703333  764.45093333
  765.942       766.21443333  767.6435      768.59673333  769.37923333
  772.15796667  774.36643333  775.86676667  776.83803333  782.11986667
  782.84353333  783.4321      783.45643333  783.47513333  783.48406667
  783.49173333  783.96543333  784.5793      785.66406667  788.0265
  788.94073333  790.0641      792.68873333  792.8687      792.9861
  794.259       795.5208      800.8361      807.2779      812.6697
  812.6769      813.30283333  817.77193333  819.72906667  823.7259
  826.78393333  829.8733      830.37013333  832.32306667  832.75233333
  838.39083333  838.45603333  841.63436667  843.54896667  844.52276667
  844.91756667  845.2644      846.1596      848.19        851.2257
  852.7114      856.15133333  856.25743333  856.4441      858.77056667
  858.78893333  859.27496667  859.5373      861.34073333  862.57336667
  862.68396667  862.94643333  863.02936667  865.23963333  865.55603333
  866.6264      867.51126667  869.0305      871.16113333  873.90533333
  877.29696667  880.76163333  881.49153333  883.37056667  888.91126667
  891.9875      898.2076      900.9845      901.08223333  901.1107
  901.24486667  901.28286667  901.41303333  901.45656667  901.4874
  901.6371      903.6069      904.06656667  905.61466667  907.8805
  910.12233333  912.50206667  913.19513333  913.88816667  917.90843333
  920.3637      922.7909      923.32063333  926.0002      929.59496667
  933.9989      935.3254      938.0355      939.58373333  940.808
  941.2015      943.8668      950.51346667  950.72126667  954.11606667
  956.8066      960.3724      966.78146667  967.9993      968.4252
  968.62716667  969.0808      969.65673333  969.80613333  970.8072
  970.97836667  972.00976667  977.02103333  980.7303      981.50596667
  981.87676667  982.74966667  985.1437      986.97146667  990.1749
  991.03253333  995.5282      995.53963333  997.3647     1003.3552
 1010.4816     1010.5031     1017.07173333 1018.78263333 1023.8768
 1029.53263333 1031.13883333 1043.55233333 1046.54726667 1047.0779
 1048.574      1049.44846667 1054.80663333 1055.92616667 1056.2784
 1059.09523333 1061.0272     1061.94446667 1064.3771     1069.83043333
 1076.3745     1077.67923333 1078.6601     1078.66693333 1079.8151
 1081.3303     1093.94673333 1095.45616667 1098.39103333 1098.7097
 1098.71253333 1098.71696667 1103.82036667 1105.7992     1108.09273333
 1108.86133333 1113.26703333 1113.56383333 1114.51233333 1115.30916667
 1120.80303333 1121.7682     1124.1449     1128.69873333 1131.72166667
 1133.83146667 1135.07866667 1136.35273333 1137.95756667 1138.41933333
 1138.77553333 1139.10173333 1141.0038     1142.60233333 1142.7125
 1146.7675     1146.85876667 1150.41686667 1152.13266667 1156.90786667
 1157.40796667 1163.67673333 1165.348      1166.84263333 1168.6529
 1169.0435     1169.5014     1171.01133333 1175.41466667 1175.6193
 1177.88493333 1179.03016667 1179.16823333 1179.4206     1179.54436667
 1180.92086667 1186.37323333 1191.5928     1193.1229     1193.46276667
 1196.47456667 1198.58926667 1199.24113333 1203.43056667 1204.112
 1204.55046667 1204.86516667 1205.5841     1206.0921     1207.2407
 1207.57616667 1208.00016667 1213.84743333 1218.16266667 1221.447
 1225.58933333 1227.06866667 1227.09383333 1230.17433333 1232.80006667
 1236.12903333 1238.67163333 1238.90883333 1243.67233333 1244.14073333
 1245.15036667 1245.96673333 1248.39106667 1253.23563333 1254.01296667
 1254.28983333 1254.33033333 1255.1439     1256.19826667 1260.54433333
 1262.52476667 1265.16996667 1268.96136667 1269.56663333 1270.40353333
 1272.39376667 1274.61726667 1274.7133     1275.24526667 1277.59066667
 1284.06063333 1286.37086667 1286.53363333 1288.03266667 1290.9488
 1295.07773333 1295.2992     1300.8962     1306.7162     1307.64243333
 1311.14456667 1323.9599     1324.7315     1325.30646667 1326.16056667
 1327.23176667 1334.77743333 1342.883      1342.93916667 1343.3836
 1343.54666667 1344.1218     1345.1301     1348.3541     1348.6575
 1351.0389     1355.9533     1358.0235     1359.0686     1359.85186667
 1360.8771     1362.64633333 1364.25423333 1365.3378     1369.0727
 1369.65563333 1373.50366667 1376.74113333 1377.16403333 1378.34303333
 1380.80256667 1380.81496667 1384.594      1385.48906667 1390.8926
 1396.03483333 1396.4735     1397.2653     1401.31523333 1401.55193333
 1408.3376     1409.90543333 1410.49563333 1411.41786667 1413.63273333
 1414.0449     1414.8582     1420.01906667 1420.03283333 1421.3632
 1423.46423333 1424.1554     1424.5464     1425.5804     1425.83066667
 1432.64386667 1432.83836667 1451.27286667 1454.1024     1455.64053333
 1456.8564     1459.57723333 1462.62856667 1462.7758     1462.8775
 1464.70943333 1466.63813333 1468.02       1469.96546667 1471.94503333
 1472.0153     1475.84376667 1484.72053333 1484.7589     1484.7908
 1484.91016667 1488.67513333 1488.86496667 1492.55466667 1494.80513333
 1495.47953333 1505.49003333 1506.29923333 1512.7674     1516.37353333
 1516.51306667 1517.2125     1518.35803333 1522.90713333 1532.75233333
 1533.05876667 1533.9599     1537.54133333 1539.25003333 1547.6266
 1551.12553333 1553.63753333 1557.31326667 1560.07536667 1561.5469
 1561.58103333 1562.5162     1562.52843333 1562.98276667 1566.0122
 1567.5775     1568.5211     1573.13993333 1573.3225     1575.3175
 1575.79626667 1579.4384     1586.9063     1587.9514     1592.86933333
 1593.2563     1594.20386667 1594.2425     1594.64233333 1603.32546667
 1604.93816667 1605.31716667 1613.2231     1616.24623333 1618.9494
 1624.75486667 1628.28583333 1635.28283333 1636.14826667 1648.2946
 1649.98066667 1654.50733333 1659.118      1659.3028     1662.62356667]",750,0.45185682428517154,mRAHIP8,19.000003457069397,-3.000005602836609,-16.40000319480896
