blockN,stimVal,thisN,thisTrialN,thisRepN,run,div,trial_key,stim_pos,noise_pos,val_C0F1,val_C1F0,valence_disp,target_pos,target_file,disp_div,anchor,img1_file,img2_file,block_start_resp.keys,block_start_resp.rt,block_start_resp.duration,slider.response,slider.rt,slider_resp.keys,submit_resp.keys,slider_resp.rt,slider_resp.duration,blocks.thisRepN,blocks.thisTrialN,blocks.thisN,blocks.thisIndex,trials.thisRepN,trials.thisTrialN,trials.thisN,trials.thisIndex,thisRow.t,notes,new_block.started,block_start_text.started,block_start_resp.started,new_block.stopped,blocks.block_start_resp.keys,blocks.block_start_resp.rt,blocks.block_start_resp.duration,stim.started,targ_pos.started,stim.stopped,delay.started,delay.stopped,task.started,img1.started,img2.started,divider_line.started,slider_line.started,slider.started,slider_resp.started,submit_resp.started,task.stopped,positions,trials.slider.response,trials.slider.rt,trials.slider_resp.keys,trials.submit_resp.keys,feedback.started,no_resp_text.started,feedback.stopped,correct,outcome,ITI.started,ITI.stopped,trials.slider_resp.rt,trials.slider_resp.duration,subj,sess_type,date,expName,psychopyVersion,frameRate,expStart,
1,val_C0F1,0,0,0,1,0.0,26,2.7,0,rew,pen,rew_pen,-0.14,input_data/stims/Shape_2.70_0.00.png,0.0,-0.008628421,input_data/stims/Shape_4.00_0.00.png,input_data/stims/Shape_0.00_0.00.png,space,0.5778327080188319,None,None,None,None,None,,,0,0,0,0,0,0,0,26,1.272810333990492,,0.05553820900968276,0.1945322919928003,0.1945322919928003,0.7821437919919845,space,0.5778327080188319,None,1.2247130420000758,1.272810333990492,1.7977102090080734,1.797747459000675,1.7978223749960307,2.469695625011809,3.3653448339900933,3.3653448339900933,3.3653448339900933,3.3653448339900933,3.3653448339900933,3.3653448339900933,3.3653448339900933,6.298568291997071,"[-0.009, -0.009, -0.009, -0.009, -0.009, -0.009, -0.009, -0.009, -0.009, -0.009, -0.009, -0.009, -0.009, -0.009, -0.009, -0.009, -0.009, -0.009, -0.009, -0.009, -0.009, -0.009, -0.009, -0.009, -0.009, -0.009, -0.009, -0.009, -0.009, -0.009, -0.009, -0.009, -0.009, -0.009, -0.009, -0.009, -0.009, -0.009, -0.009, -0.009, -0.009, -0.009, -0.009, -0.009, -0.009, -0.009, -0.009, -0.009, -0.009, -0.009, -0.009, -0.009, -0.009, -0.009, -0.009, -0.009, -0.009, -0.009, -0.009, -0.009, -0.009, -0.009, -0.009, -0.009, -0.009, -0.009, -0.009, -0.009, -0.009, -0.009, -0.009, -0.009, -0.009, -0.009, -0.009, -0.009, -0.009, -0.009, -0.009, -0.009, -0.009, -0.009, -0.009, -0.009, -0.009, -0.009, -0.009, -0.009, -0.009, -0.009, -0.009, -0.009, -0.009, -0.009, -0.009, -0.009, -0.009, -0.009, -0.009, -0.009, -0.009, -0.009, -0.009, -0.009, -0.009, -0.009, -0.009, -0.009, -0.009, -0.009, -0.009, -0.009, -0.009, -0.009, -0.009, -0.009, -0.009, -0.009, -0.009, -0.009, -0.009, -0.009, -0.009, -0.009, -0.009, -0.009, -0.009, -0.009, -0.009, -0.009, -0.009, -0.009, -0.009, -0.009, -0.009, -0.009, -0.009, -0.009, -0.009, -0.009, -0.009, -0.009, -0.009, -0.009, -0.009, -0.009, -0.009, -0.009, -0.009, -0.009, -0.009, -0.009, -0.009, -0.009, -0.009, -0.009, -0.009, -0.009, -0.009, -0.009, -0.009, -0.009, -0.009, -0.009, -0.009, -0.009, -0.009, -0.009, -0.009, -0.009, -0.009, -0.009, -0.009, -0.009, -0.009, -0.009, -0.009, -0.009, -0.009, -0.009, -0.009, -0.009, -0.009, -0.009, -0.009, -0.009, -0.009, -0.009, -0.009, -0.009, -0.009, -0.009, -0.009, -0.009, -0.009, -0.019, -0.029, -0.039, -0.049, -0.059, -0.069, -0.079, -0.089, -0.089, -0.089, -0.089, -0.089, -0.089, -0.089, -0.089, -0.089, -0.089, -0.089, -0.089, -0.089, -0.089, -0.089, -0.089, -0.089, -0.089, -0.089, -0.089, -0.089, -0.089, -0.089, -0.089, -0.089, -0.089, -0.089, -0.089, -0.089, -0.089, -0.089, -0.089, -0.089, -0.089, -0.089, -0.089, -0.089, -0.089, -0.089, -0.089, -0.089, -0.089, -0.089, -0.089, -0.089, -0.089, -0.089, -0.089, -0.089, -0.089, -0.089, -0.089, -0.089, -0.089, -0.089, -0.089, -0.089, -0.089, -0.089, -0.089, -0.089, -0.089, -0.089, -0.089, -0.089, -0.089, -0.089, -0.089, -0.089, -0.089, -0.089, -0.089, -0.089, -0.089, -0.089, -0.089, -0.089, -0.089, -0.089, -0.089, -0.089, -0.089, -0.089, -0.089, -0.089, -0.089, -0.089, -0.089, -0.089, -0.089, -0.089, -0.089, -0.089, -0.089, -0.089, -0.089, -0.089, -0.089, -0.089, -0.089, -0.089, -0.089, -0.089, -0.089, -0.089, -0.089, -0.089, -0.089, -0.089, -0.089, -0.089, -0.089, -0.089, -0.089, -0.089, -0.089, -0.089, -0.089, -0.089, -0.089, -0.089, -0.089, -0.089, -0.089, -0.089, -0.089, -0.089, -0.089, -0.089, -0.089]",None,None,None,None,6.327821791986935,6.330987041990738,7.271941791987047,0,0,7.271988624997903,7.272043250006391,,,,C,2025-03-02_22h54.36.622,asymmetry_v8,2024.2.4,None,2025-03-02 22h54.45.376086 -0500,
1,val_C0F1,1,1,0,1,0.0,13,1.3,4,pen,rew,rew_pen,0.14,input_data/stims/Shape_1.30_4.00.png,0.0,0.014330806,input_data/stims/Shape_4.00_4.00.png,input_data/stims/Shape_0.00_4.00.png,space,0.5778327080188319,None,None,None,None,None,,,0,0,0,0,0,1,1,13,7.598887041996932,,,,,,,,,7.595389958994929,8.309516917011933,9.273163083998952,9.273190709005576,9.273253499995917,9.73662987499847,10.823654667008668,10.823654667008668,10.823654667008668,10.823654667008668,10.823654667008668,10.823654667008668,10.823654667008668,13.773464666999644,"[0.014, 0.014, 0.014, 0.014, 0.014, 0.014, 0.014, 0.014, 0.014, 0.014, 0.014, 0.014, 0.014, 0.014, 0.014, 0.014, 0.014, 0.014, 0.014, 0.014, 0.014, 0.014, 0.014, 0.014, 0.014, 0.014, 0.014, 0.014, 0.014, 0.014, 0.014, 0.014, 0.014, 0.014, 0.014, 0.014, 0.014, 0.014, 0.014, 0.014, 0.014, 0.014, 0.014, 0.014, 0.014, 0.014, 0.014, 0.014, 0.014, 0.014, 0.014, 0.014, 0.014, 0.014, 0.014, 0.014, 0.014, 0.014, 0.014, 0.014, 0.014, 0.014, 0.014, 0.014, 0.014, 0.014, 0.014, 0.014, 0.014, 0.014, 0.014, 0.014, 0.014, 0.014, 0.014, 0.014, 0.014, 0.014, 0.014, 0.014, 0.014, 0.014, 0.014, 0.014, 0.014, 0.014, 0.014, 0.014, 0.014, 0.014, 0.014, 0.014, 0.014, 0.014, 0.014, 0.014, 0.014, 0.014, 0.014, 0.014, 0.014, 0.014, 0.014, 0.014, 0.014, 0.014, 0.014, 0.014, 0.014, 0.014, 0.014, 0.014, 0.014, 0.014, 0.014, 0.014, 0.014, 0.014, 0.014, 0.014, 0.014, 0.014, 0.014, 0.014, 0.014, 0.014, 0.014, 0.014, 0.014, 0.014, 0.014, 0.014, 0.014, 0.014, 0.014, 0.014, 0.014, 0.014, 0.014, 0.014, 0.014, 0.014, 0.014, 0.014, 0.014, 0.014, 0.014, 0.014, 0.014, 0.014, 0.014, 0.014, 0.014, 0.014, 0.014, 0.014, 0.014, 0.014, 0.014, 0.014, 0.014, 0.014, 0.004, -0.006, -0.016, -0.026, -0.036, -0.046, -0.056, -0.066, -0.076, -0.076, -0.076, -0.076, -0.076, -0.076, -0.076, -0.076, -0.076, -0.076, -0.076, -0.076, -0.076, -0.076, -0.076, -0.076, -0.076, -0.076, -0.076, -0.076, -0.076, -0.076, -0.076, -0.076, -0.076, -0.076, -0.076, -0.076, -0.076, -0.076, -0.076, -0.076, -0.076, -0.076, -0.076, -0.076, -0.076, -0.076, -0.076, -0.076, -0.076, -0.076, -0.076, -0.076, -0.076, -0.076, -0.076, -0.076, -0.076, -0.076, -0.076, -0.076, -0.076, -0.076, -0.076, -0.076, -0.076, -0.076, -0.076, -0.076, -0.076, -0.076, -0.076, -0.076, -0.076, -0.076, -0.076, -0.076, -0.076, -0.076, -0.076, -0.076, -0.076, -0.076, -0.076, -0.076, -0.076, -0.076, -0.076, -0.076, -0.076, -0.076, -0.076, -0.076, -0.076, -0.076, -0.076, -0.076, -0.076, -0.076, -0.076, -0.076, -0.076, -0.086, -0.096, -0.106, -0.116, -0.126, -0.136, -0.146, -0.156, -0.166, -0.176, -0.186, -0.196, -0.206, -0.216, -0.226, -0.236, -0.246, -0.256, -0.266, -0.276, -0.286, -0.296, -0.306, -0.316, -0.316, -0.316, -0.316, -0.316, -0.316, -0.316, -0.316, -0.316, -0.316, -0.316, -0.316, -0.316, -0.316, -0.316, -0.316, -0.316, -0.316, -0.316, -0.316, -0.316, -0.316, -0.316, -0.316, -0.316, -0.316, -0.316, -0.316, -0.316, -0.316, -0.316, -0.316, -0.316, -0.316, -0.316, -0.316, -0.316, -0.316, -0.316, -0.316, -0.316, -0.316, -0.316, -0.316, -0.316, -0.316, -0.316, -0.316, -0.316, -0.316, -0.316, -0.316, -0.316, -0.316, -0.316, -0.316, -0.316, -0.316, -0.316, -0.316, -0.316, -0.316, -0.316, -0.316, -0.316, -0.316, -0.316, -0.316, -0.316, -0.316]",None,None,None,None,13.788329167000484,13.794870624988107,14.765261624997947,0,0,14.765302709012758,14.76535691699246,,,,C,2025-03-02_22h54.36.622,asymmetry_v8,2024.2.4,None,2025-03-02 22h54.45.376086 -0500,
1,val_C0F1,2,2,0,1,0.0,15,1.5,4,pen,rew,rew_pen,0.1,input_data/stims/Shape_1.50_4.00.png,0.0,-0.07364496,input_data/stims/Shape_4.00_4.00.png,input_data/stims/Shape_0.00_4.00.png,space,0.5778327080188319,None,None,None,None,None,,,0,0,0,0,0,2,2,15,15.011448917008238,,,,,,,,,15.007968041987624,15.79287987499265,16.772803833999205,16.77283475000877,16.77289862500038,17.23359466699185,18.323265959013952,18.323265959013952,18.323265959013952,18.323265959013952,18.323265959013952,18.323265959013952,18.323265959013952,21.274619083997095,"[-0.074, -0.074, -0.074, -0.074, -0.074, -0.074, -0.074, -0.074, -0.074, -0.074, -0.074, -0.074, -0.074, -0.074, -0.074, -0.074, -0.074, -0.074, -0.074, -0.074, -0.074, -0.074, -0.074, -0.074, -0.074, -0.074, -0.074, -0.074, -0.074, -0.074, -0.074, -0.074, -0.074, -0.074, -0.074, -0.074, -0.074, -0.074, -0.074, -0.074, -0.074, -0.074, -0.074, -0.074, -0.074, -0.074, -0.074, -0.074, -0.074, -0.074, -0.074, -0.074, -0.074, -0.074, -0.074, -0.074, -0.074, -0.074, -0.074, -0.074, -0.074, -0.074, -0.074, -0.074, -0.074, -0.074, -0.074, -0.074, -0.074, -0.074, -0.074, -0.074, -0.074, -0.074, -0.074, -0.074, -0.074, -0.074, -0.074, -0.074, -0.074, -0.074, -0.074, -0.074, -0.074, -0.074, -0.074, -0.074, -0.074, -0.074, -0.074, -0.074, -0.074, -0.074, -0.074, -0.074, -0.074, -0.074, -0.074, -0.074, -0.074, -0.074, -0.074, -0.074, -0.074, -0.074, -0.074, -0.074, -0.074, -0.074, -0.074, -0.074, -0.074, -0.074, -0.074, -0.074, -0.074, -0.074, -0.074, -0.074, -0.074, -0.074, -0.074, -0.074, -0.074, -0.074, -0.074, -0.074, -0.074, -0.074, -0.074, -0.074, -0.074, -0.074, -0.074, -0.074, -0.074, -0.074, -0.074, -0.074, -0.074, -0.074, -0.074, -0.074, -0.074, -0.074, -0.074, -0.074, -0.074, -0.074, -0.074, -0.074, -0.074, -0.074, -0.074, -0.074, -0.074, -0.074, -0.074, -0.074, -0.074, -0.074, -0.074, -0.074, -0.074, -0.074, -0.074, -0.074, -0.074, -0.074, -0.074, -0.074, -0.074, -0.074, -0.074, -0.074, -0.074, -0.074, -0.074, -0.074, -0.074, -0.074, -0.074, -0.074, -0.074, -0.074, -0.074, -0.074, -0.074, -0.074, -0.074, -0.074, -0.074, -0.074, -0.074, -0.074, -0.074, -0.074, -0.074, -0.074, -0.074, -0.074, -0.074, -0.074, -0.074, -0.074, -0.074, -0.074, -0.074, -0.074, -0.074, -0.074, -0.074, -0.074, -0.074, -0.074, -0.074, -0.074, -0.074, -0.074, -0.074, -0.074, -0.074, -0.074, -0.074, -0.074, -0.074, -0.074, -0.074, -0.074, -0.074, -0.074, -0.074, -0.074, -0.074, -0.074, -0.074, -0.074, -0.074, -0.074, -0.074, -0.074, -0.074, -0.074, -0.074, -0.074, -0.074, -0.074, -0.074, -0.074, -0.074, -0.074, -0.074, -0.074, -0.074, -0.074, -0.074, -0.074, -0.074, -0.074, -0.074, -0.074, -0.074, -0.074, -0.074, -0.074, -0.074, -0.074, -0.074, -0.074, -0.074, -0.074, -0.074, -0.074, -0.074, -0.074, -0.074, -0.074, -0.074, -0.074, -0.074, -0.074, -0.074, -0.074, -0.074, -0.074, -0.074, -0.074, -0.074, -0.074, -0.074, -0.074, -0.074, -0.074, -0.074, -0.074, -0.074, -0.074, -0.074, -0.074, -0.074, -0.074, -0.074, -0.074, -0.074, -0.074, -0.074, -0.074, -0.074, -0.074, -0.074, -0.074, -0.074, -0.074, -0.074, -0.074, -0.074, -0.074, -0.074, -0.074, -0.074, -0.074, -0.074, -0.074, -0.074, -0.074, -0.074, -0.074, -0.074, -0.074, -0.074, -0.074, -0.074, -0.074, -0.074, -0.074, -0.074, -0.074, -0.074, -0.074, -0.074, -0.074, -0.074, -0.074, -0.074, -0.074, -0.074, -0.084, -0.094, -0.104, -0.114, -0.124, -0.134, -0.144, -0.154, -0.164, -0.174]",None,None,None,None,21.289163459005067,21.29493912498583,22.265132667002035,0,0,22.26516970898956,22.265219833992887,,,,C,2025-03-02_22h54.36.622,asymmetry_v8,2024.2.4,None,2025-03-02 22h54.45.376086 -0500,
1,val_C0F1,3,3,0,1,0.0,5,0.5,4,pen,rew,rew_pen,0.3,input_data/stims/Shape_0.50_4.00.png,0.0,0.076306078,input_data/stims/Shape_4.00_4.00.png,input_data/stims/Shape_0.00_4.00.png,space,0.5778327080188319,None,None,None,['right'],None,[1.3009120829810854],[0.41193808399839327],0,0,0,0,0,3,3,5,22.510801083990373,,,,,,,,,22.50725437499932,23.29706924999482,24.265716750000138,24.265752459003124,24.265847792004934,24.726799249998294,25.818227749987273,25.818227749987273,25.818227749987273,25.818227749987273,25.818227749987273,25.818227749987273,25.818227749987273,28.773664999986067,"[0.076, 0.076, 0.076, 0.076, 0.076, 0.076, 0.076, 0.076, 0.076, 0.076, 0.076, 0.076, 0.066, 0.056, 0.046, 0.036, 0.026, 0.016, 0.006, -0.004, -0.014, -0.024, -0.034, -0.044, -0.054, -0.064, -0.074, -0.084, -0.094, -0.104, -0.114, -0.124, -0.134, -0.144, -0.154, -0.164, -0.174, -0.184, -0.194, -0.204, -0.214, -0.224, -0.234, -0.244, -0.254, -0.264, -0.274, -0.284, -0.294, -0.304, -0.314, -0.324, -0.334, -0.344, -0.354, -0.364, -0.374, -0.384, -0.394, -0.394, -0.394, -0.394, -0.394, -0.394, -0.394, -0.394, -0.394, -0.394, -0.394, -0.394, -0.394, -0.394, -0.394, -0.394, -0.394, -0.394, -0.394, -0.394, -0.394, -0.394, -0.394, -0.394, -0.394, -0.394, -0.394, -0.394, -0.394, -0.394, -0.394, -0.394, -0.394, -0.394, -0.394, -0.394, -0.394, -0.394, -0.394, -0.394, -0.394, -0.394, -0.394, -0.394, -0.394, -0.394, -0.394, -0.394, -0.394, -0.394, -0.394, -0.394, -0.394, -0.394, -0.394, -0.394, -0.394, -0.394, -0.394, -0.394, -0.394, -0.394, -0.394, -0.394, -0.394, -0.394, -0.394, -0.394, -0.394, -0.394, -0.394, -0.394, -0.394, -0.394, -0.394, -0.394, -0.394, -0.394, -0.394, -0.394, -0.394, -0.394, -0.394, -0.394, -0.394, -0.394, -0.394, -0.394, -0.394, -0.394, -0.394, -0.394, -0.394, -0.394, -0.394, -0.394, -0.394, -0.394, -0.394, -0.394, -0.394, -0.394, -0.394, -0.394, -0.394, -0.394, -0.394, -0.394, -0.394, -0.394, -0.394, -0.394, -0.394, -0.394, -0.394, -0.394, -0.394, -0.394, -0.394, -0.394, -0.394, -0.394, -0.394, -0.394, -0.394, -0.394, -0.394, -0.394, -0.394, -0.394, -0.394, -0.394, -0.394, -0.394, -0.394, -0.394, -0.394, -0.394, -0.394, -0.394, -0.394, -0.394, -0.394, -0.394, -0.394, -0.394, -0.394, -0.394, -0.394, -0.394, -0.384, -0.374, -0.364, -0.354, -0.344, -0.334, -0.324, -0.314, -0.304, -0.294, -0.284, -0.274, -0.264, -0.254, -0.244, -0.234, -0.224, -0.214, -0.204, -0.194, -0.184, -0.174, -0.164, -0.154, -0.144, -0.134, -0.124, -0.114, -0.104, -0.094, -0.084, -0.074, -0.064, -0.054, -0.044, -0.044, -0.044, -0.044, -0.044, -0.044, -0.044, -0.044, -0.044, -0.044, -0.044, -0.044, -0.044, -0.044, -0.054, -0.064, -0.074, -0.084, -0.094, -0.104, -0.114, -0.124, -0.134, -0.144, -0.154, -0.164, -0.174, -0.184, -0.194, -0.204, -0.214, -0.224, -0.234, -0.234, -0.234, -0.234, -0.234, -0.234, -0.234, -0.234, -0.234, -0.234, -0.234, -0.234, -0.234, -0.234, -0.234, -0.234, -0.234, -0.234, -0.234, -0.234, -0.234, -0.234, -0.234, -0.234, -0.234, -0.234, -0.234, -0.234, -0.234, -0.234, -0.234, -0.234, -0.234, -0.234, -0.234, -0.234, -0.234, -0.234, -0.234, -0.234, -0.234, -0.234, -0.234, -0.234, -0.234, -0.234, -0.234, -0.234, -0.234, -0.234, -0.234, -0.234, -0.234, -0.234, -0.234, -0.234, -0.234, -0.234, -0.234, -0.234, -0.234, -0.234, -0.234, -0.234, -0.234, -0.234, -0.234, -0.234, -0.234, -0.234, -0.234, -0.234, -0.234, -0.234, -0.234, -0.234, -0.234, -0.234, -0.234, -0.234]",None,None,['right'],None,28.788897166989045,28.795118459005607,29.765851542004384,0,0,29.7658897920046,29.765946250001434,[1.3009120829810854],[0.41193808399839327],,C,2025-03-02_22h54.36.622,asymmetry_v8,2024.2.4,None,2025-03-02 22h54.45.376086 -0500,
1,val_C0F1,4,4,0,1,0.0,31,3.1,4,rew,pen,pen_rew,0.22,input_data/stims/Shape_3.10_4.00.png,0.0,0.108966197,input_data/stims/Shape_0.00_4.00.png,input_data/stims/Shape_4.00_4.00.png,space,0.5778327080188319,None,None,None,None,None,,,0,0,0,0,0,4,4,31,30.026487583993003,,,,,,,,,30.02296904200921,30.808730666991323,31.773867999989307,31.773898000014015,31.773963624989847,32.243550999992294,33.32174312500865,33.32174312500865,33.32174312500865,33.32174312500865,33.32174312500865,33.32174312500865,33.32174312500865,36.27274387498619,"[0.109, 0.109, 0.109, 0.109, 0.109, 0.109, 0.109, 0.109, 0.109, 0.109, 0.109, 0.109, 0.109, 0.109, 0.109, 0.109, 0.109, 0.109, 0.109, 0.109, 0.109, 0.109, 0.109, 0.109, 0.109, 0.109, 0.109, 0.109, 0.109, 0.109, 0.109, 0.109, 0.109, 0.109, 0.109, 0.109, 0.109, 0.109, 0.109, 0.109, 0.109, 0.109, 0.109, 0.109, 0.109, 0.109, 0.109, 0.109, 0.109, 0.109, 0.109, 0.109, 0.109, 0.109, 0.109, 0.109, 0.109, 0.109, 0.109, 0.109, 0.109, 0.109, 0.109, 0.109, 0.109, 0.109, 0.109, 0.109, 0.109, 0.109, 0.109, 0.109, 0.109, 0.109, 0.109, 0.109, 0.109, 0.109, 0.109, 0.109, 0.109, 0.109, 0.109, 0.109, 0.109, 0.109, 0.109, 0.109, 0.109, 0.109, 0.109, 0.109, 0.109, 0.109, 0.109, 0.109, 0.109, 0.109, 0.109, 0.109, 0.109, 0.109, 0.109, 0.109, 0.109, 0.109, 0.109, 0.109, 0.109, 0.109, 0.109, 0.109, 0.109, 0.109, 0.109, 0.109, 0.109, 0.109, 0.109, 0.109, 0.109, 0.109, 0.109, 0.109, 0.109, 0.109, 0.109, 0.109, 0.109, 0.109, 0.109, 0.109, 0.109, 0.109, 0.109, 0.109, 0.109, 0.109, 0.109, 0.109, 0.109, 0.109, 0.109, 0.109, 0.109, 0.109, 0.109, 0.109, 0.109, 0.109, 0.109, 0.109, 0.109, 0.109, 0.109, 0.109, 0.109, 0.109, 0.109, 0.109, 0.109, 0.109, 0.109, 0.109, 0.109, 0.109, 0.109, 0.109, 0.109, 0.109, 0.109, 0.109, 0.109, 0.109, 0.109, 0.109, 0.109, 0.109, 0.109, 0.109, 0.109, 0.109, 0.109, 0.109, 0.109, 0.109, 0.109, 0.109, 0.109, 0.109, 0.109, 0.109, 0.109, 0.109, 0.109, 0.109, 0.109, 0.109, 0.109, 0.109, 0.109, 0.109, 0.109, 0.109, 0.109, 0.109, 0.109, 0.109, 0.109, 0.109, 0.109, 0.109, 0.109, 0.109, 0.109, 0.109, 0.109, 0.109, 0.109, 0.109, 0.109, 0.109, 0.109, 0.109, 0.109, 0.109, 0.109, 0.109, 0.109, 0.109, 0.109, 0.109, 0.109, 0.109, 0.109, 0.109, 0.109, 0.109, 0.109, 0.109, 0.109, 0.109, 0.109, 0.109, 0.109, 0.109, 0.109, 0.109, 0.109, 0.109, 0.109, 0.109, 0.109, 0.109, 0.109, 0.109, 0.109, 0.109, 0.109, 0.109, 0.109, 0.109, 0.109, 0.109, 0.109, 0.109, 0.109, 0.109, 0.109, 0.109, 0.109, 0.109, 0.109, 0.109, 0.099, 0.089, 0.079, 0.069, 0.059, 0.049, 0.039, 0.029, 0.029, 0.029, 0.029, 0.029, 0.029, 0.029, 0.029, 0.029, 0.029, 0.029, 0.029, 0.029, 0.029, 0.029, 0.029, 0.029, 0.029, 0.029, 0.029, 0.029, 0.029, 0.029, 0.029, 0.029, 0.029, 0.029, 0.029, 0.029, 0.029, 0.029, 0.029, 0.029, 0.029, 0.029, 0.029, 0.029, 0.029, 0.029, 0.029, 0.029, 0.029, 0.029, 0.029, 0.029, 0.029, 0.029, 0.029, 0.029, 0.029, 0.029, 0.029, 0.029, 0.029, 0.029, 0.029, 0.029, 0.029, 0.029, 0.029, 0.029, 0.029, 0.029, 0.029, 0.029, 0.029, 0.029, 0.029, 0.029, 0.029, 0.029, 0.029, 0.029, 0.029, 0.029, 0.029]",None,None,None,None,36.288732874993,36.29482325000572,37.26609354201355,0,0,37.266137958999025,37.26620208399254,,,,C,2025-03-02_22h54.36.622,asymmetry_v8,2024.2.4,None,2025-03-02 22h54.45.376086 -0500,
1,val_C0F1,5,5,0,1,0.0,37,3.7,4,rew,pen,pen_rew,0.34,input_data/stims/Shape_3.70_4.00.png,0.0,0.062296934,input_data/stims/Shape_0.00_4.00.png,input_data/stims/Shape_4.00_4.00.png,space,0.5778327080188319,None,None,None,None,None,,,0,0,0,0,0,5,5,37,37.50992487499025,,,,,,,,,37.506329166993964,38.30327195901191,39.27409587500733,39.27412779201404,39.274193499994,39.75238129199715,40.82138708399725,40.82138708399725,40.82138708399725,40.82138708399725,40.82138708399725,40.82138708399725,40.82138708399725,43.77336170899798,"[0.062, 0.062, 0.062, 0.062, 0.062, 0.062, 0.062, 0.062, 0.062, 0.062, 0.062, 0.062, 0.062, 0.062, 0.062, 0.062, 0.062, 0.062, 0.062, 0.062, 0.062, 0.062, 0.062, 0.062, 0.062, 0.062, 0.062, 0.062, 0.062, 0.062, 0.062, 0.062, 0.062, 0.062, 0.062, 0.062, 0.062, 0.062, 0.062, 0.062, 0.062, 0.062, 0.062, 0.062, 0.062, 0.062, 0.062, 0.062, 0.062, 0.062, 0.062, 0.062, 0.062, 0.062, 0.062, 0.062, 0.062, 0.062, 0.062, 0.062, 0.062, 0.062, 0.062, 0.062, 0.062, 0.062, 0.062, 0.062, 0.062, 0.062, 0.062, 0.062, 0.062, 0.062, 0.062, 0.062, 0.062, 0.062, 0.062, 0.062, 0.062, 0.062, 0.062, 0.062, 0.062, 0.062, 0.062, 0.062, 0.062, 0.062, 0.062, 0.062, 0.062, 0.062, 0.062, 0.062, 0.062, 0.062, 0.062, 0.062, 0.062, 0.062, 0.062, 0.062, 0.062, 0.062, 0.062, 0.062, 0.062, 0.062, 0.062, 0.062, 0.062, 0.062, 0.062, 0.062, 0.062, 0.062, 0.062, 0.062, 0.062, 0.062, 0.062, 0.062, 0.062, 0.062, 0.062, 0.062, 0.062, 0.062, 0.062, 0.062, 0.062, 0.062, 0.062, 0.062, 0.062, 0.062, 0.062, 0.062, 0.062, 0.062, 0.062, 0.062, 0.062, 0.062, 0.062, 0.062, 0.062, 0.062, 0.062, 0.062, 0.062, 0.062, 0.062, 0.062, 0.062, 0.062, 0.062, 0.062, 0.062, 0.062, 0.062, 0.062, 0.062, 0.062, 0.062, 0.062, 0.062, 0.062, 0.062, 0.062, 0.062, 0.062, 0.062, 0.062, 0.062, 0.062, 0.062, 0.062, 0.062, 0.062, 0.062, 0.062, 0.062, 0.062, 0.062, 0.062, 0.062, 0.062, 0.062, 0.062, 0.062, 0.062, 0.062, 0.062, 0.062, 0.062, 0.062, 0.062, 0.062, 0.062, 0.062, 0.062, 0.062, 0.062, 0.062, 0.062, 0.062, 0.062, 0.062, 0.062, 0.062, 0.062, 0.062, 0.062, 0.062, 0.062, 0.062, 0.062, 0.062, 0.062, 0.062, 0.062, 0.062, 0.062, 0.062, 0.062, 0.062, 0.062, 0.062, 0.062, 0.062, 0.062, 0.062, 0.062, 0.062, 0.062, 0.062, 0.062, 0.062, 0.062, 0.062, 0.062, 0.062, 0.062, 0.062, 0.062, 0.062, 0.062, 0.062, 0.062, 0.062, 0.062, 0.062, 0.062, 0.062, 0.062, 0.062, 0.062, 0.062, 0.062, 0.062, 0.062, 0.062, 0.062, 0.062, 0.062, 0.062, 0.062, 0.062, 0.062, 0.062, 0.062, 0.062, 0.062, 0.062, 0.062, 0.062, 0.062, 0.062, 0.062, 0.062, 0.062, 0.062, 0.062, 0.062, 0.062, 0.062, 0.062, 0.062, 0.062, 0.062, 0.062, 0.062, 0.062, 0.062, 0.062, 0.062, 0.062, 0.062, 0.062, 0.062, 0.062, 0.062, 0.062, 0.062, 0.062, 0.062, 0.062, 0.062, 0.062, 0.062, 0.062, 0.062, 0.062, 0.062, 0.062, 0.062, 0.062, 0.062, 0.062, 0.062, 0.062, 0.062, 0.062, 0.062, 0.062, 0.062, 0.062, 0.062, 0.062, 0.062, 0.062, 0.062, 0.062, 0.062, 0.062, 0.062, 0.062, 0.062, 0.062, 0.062, 0.062, 0.062, 0.062, 0.062, 0.062, 0.062, 0.062, 0.062, 0.062, 0.062, 0.062]",None,None,None,None,43.796899459004635,43.80093158400268,44.766073000006145,0,0,44.766113124991534,44.766169834008906,,,,C,2025-03-02_22h54.36.622,asymmetry_v8,2024.2.4,None,2025-03-02 22h54.45.376086 -0500,
1,val_C0F1,6,6,0,1,0.0,4,0.5,0,pen,rew,pen_rew,-0.3,input_data/stims/Shape_0.50_0.00.png,0.0,-0.078772337,input_data/stims/Shape_0.00_0.00.png,input_data/stims/Shape_4.00_0.00.png,space,0.5778327080188319,None,None,None,None,None,,,0,0,0,0,0,6,6,4,45.11901087500155,,,,,,,,,45.11550962500041,45.806481042003725,46.773430375003954,46.77346008399036,46.77352483398863,47.27350287500303,48.32490358399809,48.32490358399809,48.32490358399809,48.32490358399809,48.32490358399809,48.32490358399809,48.32490358399809,51.27372966700932,"[-0.079, -0.079, -0.079, -0.079, -0.079, -0.079, -0.079, -0.079, -0.079, -0.079, -0.079, -0.079, -0.079, -0.079, -0.079, -0.079, -0.079, -0.079, -0.079, -0.079, -0.079, -0.079, -0.079, -0.079, -0.079, -0.079, -0.079, -0.079, -0.079, -0.079, -0.079, -0.079, -0.079, -0.079, -0.079, -0.079, -0.079, -0.079, -0.079, -0.079, -0.079, -0.079, -0.079, -0.079, -0.079, -0.079, -0.079, -0.079, -0.079, -0.079, -0.079, -0.079, -0.079, -0.079, -0.079, -0.079, -0.079, -0.079, -0.079, -0.079, -0.079, -0.079, -0.079, -0.079, -0.079, -0.079, -0.079, -0.079, -0.079, -0.079, -0.079, -0.079, -0.079, -0.079, -0.079, -0.079, -0.079, -0.079, -0.079, -0.079, -0.079, -0.079, -0.079, -0.079, -0.079, -0.079, -0.079, -0.079, -0.079, -0.079, -0.079, -0.079, -0.079, -0.079, -0.079, -0.079, -0.079, -0.079, -0.079, -0.079, -0.079, -0.079, -0.079, -0.079, -0.079, -0.079, -0.079, -0.079, -0.079, -0.079, -0.079, -0.079, -0.079, -0.079, -0.079, -0.079, -0.079, -0.079, -0.079, -0.079, -0.079, -0.079, -0.079, -0.079, -0.079, -0.079, -0.079, -0.079, -0.079, -0.079, -0.079, -0.079, -0.079, -0.079, -0.079, -0.079, -0.079, -0.079, -0.079, -0.079, -0.079, -0.079, -0.079, -0.079, -0.079, -0.079, -0.079, -0.079, -0.079, -0.079, -0.079, -0.079, -0.079, -0.079, -0.079, -0.079, -0.079, -0.079, -0.079, -0.079, -0.079, -0.079, -0.079, -0.079, -0.079, -0.079, -0.079, -0.079, -0.079, -0.079, -0.079, -0.079, -0.079, -0.079, -0.079, -0.079, -0.079, -0.079, -0.079, -0.079, -0.079, -0.079, -0.079, -0.079, -0.079, -0.079, -0.079, -0.079, -0.079, -0.079, -0.079, -0.079, -0.079, -0.079, -0.079, -0.079, -0.079, -0.079, -0.079, -0.079, -0.079, -0.079, -0.079, -0.079, -0.079, -0.079, -0.079, -0.079, -0.079, -0.079, -0.079, -0.079, -0.079, -0.079, -0.079, -0.079, -0.079, -0.079, -0.079, -0.079, -0.079, -0.079, -0.079, -0.079, -0.079, -0.079, -0.079, -0.079, -0.079, -0.079, -0.079, -0.079, -0.079, -0.079, -0.079, -0.079, -0.079, -0.079, -0.079, -0.079, -0.079, -0.079, -0.079, -0.079, -0.079, -0.079, -0.079, -0.079, -0.079, -0.079, -0.079, -0.079, -0.079, -0.079, -0.079, -0.079, -0.079, -0.079, -0.079, -0.079, -0.079, -0.079, -0.079, -0.079, -0.079, -0.079, -0.079, -0.079, -0.079, -0.079, -0.079, -0.079, -0.079, -0.079, -0.079, -0.079, -0.079, -0.079, -0.079, -0.079, -0.079, -0.079, -0.079, -0.079, -0.079, -0.079, -0.079, -0.079, -0.079, -0.079, -0.079, -0.079, -0.079, -0.079, -0.079, -0.079, -0.079, -0.079, -0.079, -0.079, -0.079, -0.079, -0.079, -0.079, -0.079, -0.079, -0.079, -0.079, -0.079, -0.079, -0.079, -0.079, -0.079, -0.079, -0.079, -0.079, -0.079, -0.079, -0.079, -0.079, -0.079, -0.079, -0.079, -0.079, -0.079, -0.079, -0.079, -0.079, -0.079, -0.079, -0.079, -0.079, -0.079, -0.079, -0.079]",None,None,None,None,51.2890213339997,51.29510495899012,52.26620287500555,0,0,52.26624237498618,52.266297333990224,,,,C,2025-03-02_22h54.36.622,asymmetry_v8,2024.2.4,None,2025-03-02 22h54.45.376086 -0500,
1,val_C0F1,7,7,0,1,0.0,30,3.1,0,rew,pen,rew_pen,-0.22,input_data/stims/Shape_3.10_0.00.png,0.0,-0.102841659,input_data/stims/Shape_4.00_0.00.png,input_data/stims/Shape_0.00_0.00.png,space,0.5778327080188319,None,None,None,None,None,,,0,0,0,0,0,7,7,30,52.567572500003735,,,,,,,,,52.564127833989915,53.30821441698936,54.27326600000379,54.27329508398543,54.27335991698783,54.72218579199398,55.82808741700137,55.82808741700137,55.82808741700137,55.82808741700137,55.82808741700137,55.82808741700137,55.82808741700137,58.774024459009524,"[-0.103, -0.103, -0.103, -0.103, -0.103, -0.103, -0.103, -0.103, -0.103, -0.103, -0.103, -0.103, -0.103, -0.103, -0.103, -0.103, -0.103, -0.103, -0.103, -0.103, -0.103, -0.103, -0.103, -0.103, -0.103, -0.103, -0.103, -0.103, -0.103, -0.103, -0.103, -0.103, -0.103, -0.103, -0.103, -0.103, -0.103, -0.103, -0.103, -0.103, -0.103, -0.103, -0.103, -0.103, -0.103, -0.103, -0.103, -0.103, -0.103, -0.103, -0.103, -0.103, -0.103, -0.103, -0.103, -0.103, -0.103, -0.103, -0.103, -0.103, -0.103, -0.103, -0.103, -0.103, -0.103, -0.103, -0.103, -0.103, -0.103, -0.103, -0.103, -0.103, -0.103, -0.103, -0.103, -0.103, -0.103, -0.103, -0.103, -0.103, -0.103, -0.103, -0.103, -0.103, -0.103, -0.103, -0.103, -0.103, -0.103, -0.103, -0.103, -0.103, -0.103, -0.103, -0.103, -0.103, -0.103, -0.103, -0.103, -0.103, -0.103, -0.103, -0.103, -0.103, -0.103, -0.103, -0.103, -0.103, -0.103, -0.103, -0.103, -0.103, -0.103, -0.103, -0.103, -0.103, -0.103, -0.103, -0.103, -0.103, -0.103, -0.103, -0.103, -0.103, -0.103, -0.103, -0.103, -0.103, -0.103, -0.103, -0.103, -0.103, -0.103, -0.103, -0.103, -0.103, -0.103, -0.103, -0.103, -0.103, -0.103, -0.103, -0.103, -0.103, -0.103, -0.103, -0.103, -0.103, -0.103, -0.103, -0.103, -0.103, -0.103, -0.103, -0.103, -0.103, -0.103, -0.103, -0.103, -0.103, -0.103, -0.103, -0.103, -0.103, -0.103, -0.103, -0.103, -0.103, -0.103, -0.103, -0.103, -0.103, -0.103, -0.103, -0.103, -0.103, -0.103, -0.103, -0.103, -0.103, -0.103, -0.103, -0.103, -0.103, -0.103, -0.103, -0.103, -0.103, -0.103, -0.103, -0.103, -0.103, -0.103, -0.103, -0.103, -0.103, -0.103, -0.103, -0.103, -0.103, -0.103, -0.103, -0.103, -0.103, -0.103, -0.103, -0.103, -0.103, -0.103, -0.103, -0.103, -0.103, -0.103, -0.103, -0.103, -0.103, -0.103, -0.103, -0.103, -0.103, -0.103, -0.103, -0.103, -0.103, -0.103, -0.103, -0.103, -0.103, -0.103, -0.103, -0.103, -0.103, -0.103, -0.103, -0.103, -0.103, -0.103, -0.103, -0.103, -0.103, -0.103, -0.103, -0.103, -0.103, -0.103, -0.103, -0.103, -0.103, -0.103, -0.103, -0.103, -0.103, -0.103, -0.103, -0.103, -0.103, -0.103, -0.103, -0.103, -0.103, -0.103, -0.103, -0.103, -0.103, -0.103, -0.103, -0.103, -0.103, -0.103, -0.103, -0.103, -0.103, -0.103, -0.103, -0.103, -0.103, -0.103, -0.103, -0.103, -0.103, -0.103, -0.103, -0.103, -0.103, -0.103, -0.103, -0.103, -0.103, -0.103, -0.103, -0.103, -0.103, -0.103, -0.103, -0.103, -0.103, -0.103, -0.103, -0.103, -0.103, -0.103, -0.103, -0.103, -0.103, -0.103, -0.103, -0.103, -0.103, -0.103, -0.103, -0.103, -0.103, -0.103, -0.103, -0.103, -0.103, -0.103, -0.103, -0.103, -0.103, -0.103, -0.103, -0.103, -0.103, -0.103, -0.103, -0.103, -0.103, -0.103, -0.103, -0.103, -0.113, -0.123, -0.133, -0.143, -0.153, -0.163, -0.173, -0.183, -0.193, -0.203, -0.213, -0.223, -0.223, -0.223, -0.223, -0.223, -0.223, -0.223, -0.223, -0.223, -0.223, -0.223, -0.223, -0.223, -0.223]",None,None,None,None,58.79189083399251,58.79498341699946,59.76589420900564,0,0,59.76593879199936,59.76600237499224,,,,C,2025-03-02_22h54.36.622,asymmetry_v8,2024.2.4,None,2025-03-02 22h54.45.376086 -0500,
1,val_C0F1,8,8,0,1,0.0,1,0.1,4,pen,rew,rew_pen,0.38,input_data/stims/Shape_0.10_4.00.png,0.0,0.215087129,input_data/stims/Shape_4.00_4.00.png,input_data/stims/Shape_0.00_4.00.png,space,0.5778327080188319,None,None,None,['right'],None,[2.4801073750131764],[0.263986042002216],0,0,0,0,0,8,8,1,59.99792054199497,,,,,,,,,59.993354959005956,60.79927404198679,61.77372245900915,61.7737557090004,61.773827583994716,62.22126816699165,63.320464416989125,63.320464416989125,63.320464416989125,63.320464416989125,63.320464416989125,63.320464416989125,63.320464416989125,66.27350383400335,"[0.205, 0.195, 0.185, 0.175, 0.165, 0.155, 0.145, 0.135, 0.125, 0.115, 0.105, 0.095, 0.085, 0.075, 0.065, 0.055, 0.045, 0.035, 0.025, 0.015, 0.005, -0.005, -0.015, -0.025, -0.035, -0.045, -0.055, -0.065, -0.075, -0.085, -0.095, -0.105, -0.115, -0.125, -0.135, -0.145, -0.155, -0.165, -0.175, -0.185, -0.195, -0.205, -0.215, -0.225, -0.235, -0.245, -0.255, -0.265, -0.275, -0.285, -0.295, -0.305, -0.315, -0.325, -0.335, -0.345, -0.355, -0.365, -0.375, -0.385, -0.395, -0.395, -0.395, -0.395, -0.395, -0.395, -0.395, -0.395, -0.395, -0.395, -0.395, -0.395, -0.395, -0.395, -0.395, -0.395, -0.395, -0.395, -0.395, -0.395, -0.395, -0.395, -0.395, -0.395, -0.395, -0.395, -0.395, -0.395, -0.395, -0.395, -0.395, -0.395, -0.395, -0.395, -0.395, -0.395, -0.395, -0.395, -0.395, -0.395, -0.395, -0.395, -0.395, -0.395, -0.395, -0.395, -0.395, -0.395, -0.395, -0.395, -0.395, -0.395, -0.395, -0.395, -0.395, -0.395, -0.395, -0.395, -0.395, -0.395, -0.395, -0.395, -0.395, -0.395, -0.395, -0.395, -0.395, -0.395, -0.395, -0.395, -0.395, -0.395, -0.395, -0.395, -0.395, -0.395, -0.395, -0.395, -0.395, -0.395, -0.395, -0.395, -0.395, -0.395, -0.395, -0.395, -0.395, -0.395, -0.395, -0.395, -0.395, -0.395, -0.395, -0.395, -0.395, -0.395, -0.395, -0.395, -0.395, -0.395, -0.395, -0.395, -0.395, -0.395, -0.395, -0.395, -0.395, -0.395, -0.395, -0.395, -0.395, -0.395, -0.395, -0.395, -0.395, -0.395, -0.395, -0.395, -0.395, -0.395, -0.395, -0.395, -0.395, -0.395, -0.395, -0.395, -0.395, -0.395, -0.395, -0.395, -0.395, -0.395, -0.395, -0.395, -0.395, -0.395, -0.395, -0.395, -0.395, -0.395, -0.395, -0.395, -0.395, -0.395, -0.395, -0.395, -0.395, -0.395, -0.395, -0.395, -0.395, -0.395, -0.395, -0.395, -0.395, -0.395, -0.395, -0.395, -0.395, -0.395, -0.395, -0.395, -0.395, -0.395, -0.395, -0.395, -0.395, -0.395, -0.395, -0.395, -0.395, -0.395, -0.395, -0.395, -0.395, -0.395, -0.395, -0.395, -0.395, -0.395, -0.395, -0.395, -0.395, -0.395, -0.395, -0.395, -0.395, -0.395, -0.395, -0.395, -0.395, -0.395, -0.395, -0.395, -0.395, -0.395, -0.395, -0.395, -0.395, -0.395, -0.395, -0.395, -0.395, -0.395, -0.395, -0.395, -0.395, -0.395, -0.395, -0.395, -0.395, -0.395, -0.395, -0.395, -0.395, -0.395, -0.395, -0.395, -0.395, -0.395, -0.395, -0.395, -0.395, -0.395, -0.395, -0.395, -0.395, -0.395, -0.395, -0.395, -0.395, -0.395, -0.395, -0.395, -0.395, -0.395, -0.395, -0.395, -0.395, -0.395, -0.395, -0.395, -0.395, -0.395, -0.395, -0.395, -0.395, -0.395, -0.395, -0.395, -0.395, -0.395, -0.395, -0.395, -0.395, -0.395, -0.395, -0.395, -0.395, -0.385, -0.375, -0.365, -0.355, -0.345, -0.335, -0.325, -0.315, -0.305, -0.295, -0.285, -0.275, -0.265, -0.255, -0.245, -0.235, -0.225, -0.215, -0.205, -0.195, -0.185, -0.175, -0.175, -0.175, -0.175, -0.175, -0.175, -0.175, -0.175, -0.175, -0.175, -0.175, -0.175, -0.175, -0.175, -0.175, -0.175, -0.175, -0.175, -0.175, -0.175]",None,None,['right'],None,66.28796604200033,66.29532974999165,67.26606204200652,0,0,67.26610216699191,67.26615949999541,[2.4801073750131764],[0.263986042002216],,C,2025-03-02_22h54.36.622,asymmetry_v8,2024.2.4,None,2025-03-02 22h54.45.376086 -0500,
1,val_C0F1,9,9,0,1,0.0,11,1.1,4,pen,rew,rew_pen,0.18,input_data/stims/Shape_1.10_4.00.png,0.0,0.295224688,input_data/stims/Shape_4.00_4.00.png,input_data/stims/Shape_0.00_4.00.png,space,0.5778327080188319,None,None,None,None,None,,,0,0,0,0,0,9,9,11,67.51818695900147,,,,,,,,,67.514672624995,68.2940398339997,69.27409875000012,69.27413241699105,69.27420758400694,69.73387887500576,70.82201841700589,70.82201841700589,70.82201841700589,70.82201841700589,70.82201841700589,70.82201841700589,70.82201841700589,73.77381070901174,"[0.295, 0.295, 0.295, 0.295, 0.295, 0.295, 0.295, 0.295, 0.295, 0.295, 0.295, 0.295, 0.295, 0.295, 0.295, 0.295, 0.295, 0.295, 0.295, 0.295, 0.295, 0.295, 0.295, 0.295, 0.295, 0.295, 0.295, 0.295, 0.295, 0.295, 0.295, 0.295, 0.295, 0.295, 0.295, 0.295, 0.295, 0.295, 0.295, 0.295, 0.295, 0.295, 0.295, 0.295, 0.295, 0.295, 0.295, 0.295, 0.295, 0.295, 0.295, 0.295, 0.295, 0.295, 0.295, 0.295, 0.295, 0.295, 0.295, 0.295, 0.295, 0.295, 0.295, 0.295, 0.295, 0.295, 0.295, 0.295, 0.295, 0.295, 0.295, 0.295, 0.295, 0.295, 0.295, 0.295, 0.295, 0.295, 0.295, 0.295, 0.295, 0.295, 0.295, 0.295, 0.295, 0.295, 0.295, 0.295, 0.295, 0.295, 0.295, 0.295, 0.295, 0.295, 0.295, 0.295, 0.295, 0.295, 0.295, 0.295, 0.295, 0.295, 0.295, 0.295, 0.295, 0.295, 0.295, 0.295, 0.295, 0.295, 0.295, 0.295, 0.295, 0.295, 0.295, 0.295, 0.295, 0.295, 0.295, 0.295, 0.295, 0.295, 0.295, 0.295, 0.295, 0.295, 0.295, 0.295, 0.295, 0.295, 0.295, 0.295, 0.295, 0.295, 0.295, 0.295, 0.295, 0.295, 0.295, 0.295, 0.295, 0.295, 0.295, 0.295, 0.295, 0.295, 0.295, 0.295, 0.295, 0.295, 0.295, 0.295, 0.295, 0.295, 0.295, 0.295, 0.295, 0.295, 0.295, 0.295, 0.295, 0.295, 0.295, 0.295, 0.295, 0.295, 0.295, 0.295, 0.295, 0.295, 0.295, 0.295, 0.295, 0.295, 0.295, 0.295, 0.295, 0.295, 0.295, 0.295, 0.295, 0.295, 0.295, 0.295, 0.295, 0.295, 0.295, 0.295, 0.295, 0.295, 0.295, 0.295, 0.295, 0.295, 0.295, 0.295, 0.295, 0.295, 0.295, 0.295, 0.295, 0.295, 0.295, 0.295, 0.295, 0.295, 0.295, 0.295, 0.295, 0.295, 0.295, 0.295, 0.295, 0.295, 0.295, 0.295, 0.295, 0.295, 0.295, 0.295, 0.295, 0.295, 0.295, 0.295, 0.295, 0.295, 0.295, 0.295, 0.295, 0.295, 0.295, 0.295, 0.295, 0.295, 0.295, 0.295, 0.295, 0.295, 0.295, 0.295, 0.295, 0.295, 0.295, 0.295, 0.295, 0.295, 0.295, 0.295, 0.295, 0.295, 0.295, 0.295, 0.295, 0.295, 0.295, 0.295, 0.295, 0.295, 0.295, 0.295, 0.295, 0.295, 0.295, 0.295, 0.295, 0.285, 0.275, 0.265, 0.255, 0.245, 0.235, 0.225, 0.215, 0.205, 0.195, 0.185, 0.175, 0.165, 0.155, 0.145, 0.135, 0.125, 0.115, 0.105, 0.095, 0.085, 0.075, 0.065, 0.055, 0.045, 0.035, 0.025, 0.015, 0.005, -0.005, -0.015, -0.025, -0.035, -0.045, -0.055, -0.065, -0.075, -0.085, -0.095, -0.105, -0.115, -0.125, -0.135, -0.145, -0.155, -0.165, -0.175, -0.185, -0.195, -0.205, -0.215, -0.225, -0.235, -0.245, -0.255, -0.265, -0.275, -0.285, -0.295, -0.305, -0.315, -0.325, -0.335, -0.345, -0.355, -0.365, -0.375, -0.385, -0.395, -0.395, -0.395, -0.395, -0.395, -0.395, -0.395, -0.395, -0.395, -0.395, -0.395, -0.395, -0.395, -0.395, -0.395, -0.395, -0.395, -0.395, -0.395, -0.395, -0.395]",None,None,None,None,73.78865795899765,73.79532991698943,74.76568695899914,0,0,74.76572583400412,74.7657804590126,,,,C,2025-03-02_22h54.36.622,asymmetry_v8,2024.2.4,None,2025-03-02 22h54.45.376086 -0500,
1,val_C0F1,10,10,0,1,0.0,27,2.7,4,rew,pen,pen_rew,0.14,input_data/stims/Shape_2.70_4.00.png,0.0,0.347851306,input_data/stims/Shape_0.00_4.00.png,input_data/stims/Shape_4.00_4.00.png,space,0.5778327080188319,None,None,None,None,None,,,0,0,0,0,0,10,10,27,75.01543862500694,,,,,,,,,75.01193820900517,75.7957741249993,76.76591524999822,76.76595737499883,76.76605479200953,77.23007145899464,78.32292466700892,78.32292466700892,78.32292466700892,78.32292466700892,78.32292466700892,78.32292466700892,78.32292466700892,81.27323204200366,"[0.348, 0.348, 0.348, 0.348, 0.348, 0.348, 0.348, 0.348, 0.348, 0.348, 0.348, 0.348, 0.348, 0.348, 0.348, 0.348, 0.348, 0.348, 0.348, 0.348, 0.348, 0.348, 0.348, 0.348, 0.348, 0.348, 0.348, 0.348, 0.348, 0.348, 0.348, 0.348, 0.348, 0.348, 0.348, 0.348, 0.348, 0.348, 0.348, 0.348, 0.348, 0.348, 0.348, 0.348, 0.348, 0.348, 0.348, 0.348, 0.348, 0.348, 0.348, 0.348, 0.348, 0.348, 0.348, 0.348, 0.348, 0.348, 0.348, 0.348, 0.348, 0.338, 0.328, 0.318, 0.308, 0.298, 0.288, 0.278, 0.268, 0.258, 0.248, 0.238, 0.228, 0.218, 0.208, 0.198, 0.188, 0.178, 0.168, 0.158, 0.148, 0.138, 0.128, 0.118, 0.108, 0.098, 0.088, 0.078, 0.068, 0.058, 0.048, 0.038, 0.028, 0.018, 0.008, -0.002, -0.012, -0.022, -0.032, -0.042, -0.052, -0.062, -0.072, -0.082, -0.092, -0.102, -0.112, -0.122, -0.132, -0.142, -0.152, -0.162, -0.172, -0.182, -0.192, -0.202, -0.212, -0.222, -0.232, -0.242, -0.252, -0.262, -0.272, -0.282, -0.292, -0.302, -0.312, -0.322, -0.332, -0.342, -0.352, -0.362, -0.372, -0.382, -0.392, -0.392, -0.392, -0.392, -0.392, -0.392, -0.392, -0.392, -0.392, -0.392, -0.392, -0.392, -0.392, -0.392, -0.392, -0.392, -0.392, -0.392, -0.392, -0.392, -0.392, -0.392, -0.392, -0.392, -0.392, -0.392, -0.392, -0.392, -0.392, -0.392, -0.392, -0.392, -0.392, -0.392, -0.392, -0.392, -0.392, -0.392, -0.392, -0.392, -0.392, -0.392, -0.392, -0.392, -0.392, -0.392, -0.392, -0.392, -0.392, -0.392, -0.392, -0.392, -0.392, -0.392, -0.392, -0.392, -0.392, -0.392, -0.392, -0.392, -0.392, -0.392, -0.392, -0.392, -0.392, -0.392, -0.392, -0.392, -0.392, -0.392, -0.392, -0.392, -0.392, -0.392, -0.392, -0.392, -0.392, -0.392, -0.392, -0.392, -0.392, -0.392, -0.392, -0.392, -0.392, -0.392, -0.392, -0.392, -0.392, -0.392, -0.392, -0.392, -0.392, -0.392, -0.392, -0.392, -0.392, -0.392, -0.392, -0.392, -0.392, -0.392, -0.392, -0.392, -0.392, -0.392, -0.392, -0.392, -0.392, -0.392, -0.392, -0.392, -0.392, -0.392, -0.392, -0.392, -0.392, -0.392, -0.392, -0.392, -0.392, -0.392, -0.392, -0.392, -0.392, -0.392, -0.392, -0.392, -0.392, -0.392, -0.392, -0.392, -0.392, -0.392, -0.392, -0.392, -0.392, -0.392, -0.392, -0.392, -0.392, -0.392, -0.392, -0.392, -0.392, -0.392, -0.392, -0.392, -0.392, -0.392, -0.392, -0.392, -0.392, -0.392, -0.392, -0.392, -0.392, -0.392, -0.392, -0.392, -0.392, -0.392, -0.392, -0.392, -0.392, -0.392, -0.392, -0.392, -0.392, -0.392, -0.392, -0.392, -0.392, -0.392, -0.392, -0.392, -0.392, -0.392, -0.392, -0.392, -0.392, -0.392, -0.392, -0.392, -0.392, -0.392, -0.392, -0.392, -0.392, -0.392, -0.392, -0.392, -0.392, -0.392, -0.392, -0.392, -0.392, -0.392, -0.392, -0.392, -0.392, -0.392, -0.392, -0.392, -0.392, -0.392, -0.392, -0.392, -0.392, -0.392, -0.392, -0.392, -0.392, -0.392, -0.392, -0.392, -0.392, -0.392, -0.392, -0.392]",None,None,None,None,81.28755700000329,81.29520033398876,82.26613787500537,0,0,82.26618245898862,82.26624550000997,,,,C,2025-03-02_22h54.36.622,asymmetry_v8,2024.2.4,None,2025-03-02 22h54.45.376086 -0500,
1,val_C0F1,11,11,0,1,0.0,19,1.9,4,pen,rew,rew_pen,0.02,input_data/stims/Shape_1.90_4.00.png,0.0,-0.116058443,input_data/stims/Shape_4.00_4.00.png,input_data/stims/Shape_0.00_4.00.png,space,0.5778327080188319,None,None,None,None,None,,,0,0,0,0,0,11,11,19,82.51392299999134,,,,,,,,,82.51043808399118,83.29523720900761,84.27431241699378,84.27434524998534,84.2744176670094,84.74999570898945,85.8248187499994,85.8248187499994,85.8248187499994,85.8248187499994,85.8248187499994,85.8248187499994,85.8248187499994,88.77367016699282,"[-0.116, -0.116, -0.116, -0.116, -0.116, -0.116, -0.116, -0.116, -0.116, -0.116, -0.116, -0.116, -0.116, -0.116, -0.116, -0.116, -0.116, -0.116, -0.116, -0.116, -0.116, -0.116, -0.116, -0.116, -0.116, -0.116, -0.116, -0.116, -0.116, -0.116, -0.116, -0.116, -0.116, -0.116, -0.116, -0.116, -0.116, -0.116, -0.116, -0.116, -0.116, -0.116, -0.116, -0.116, -0.116, -0.116, -0.116, -0.116, -0.116, -0.116, -0.116, -0.116, -0.116, -0.116, -0.116, -0.116, -0.116, -0.116, -0.116, -0.116, -0.116, -0.116, -0.116, -0.116, -0.116, -0.116, -0.116, -0.116, -0.116, -0.116, -0.116, -0.116, -0.116, -0.116, -0.116, -0.116, -0.116, -0.116, -0.116, -0.116, -0.116, -0.116, -0.116, -0.116, -0.116, -0.116, -0.126, -0.136, -0.146, -0.156, -0.166, -0.176, -0.186, -0.196, -0.206, -0.216, -0.226, -0.236, -0.246, -0.256, -0.266, -0.276, -0.286, -0.296, -0.306, -0.316, -0.326, -0.336, -0.346, -0.356, -0.366, -0.376, -0.386, -0.396, -0.396, -0.396, -0.396, -0.396, -0.396, -0.396, -0.396, -0.396, -0.396, -0.396, -0.396, -0.396, -0.396, -0.396, -0.396, -0.396, -0.396, -0.396, -0.396, -0.396, -0.396, -0.396, -0.396, -0.396, -0.396, -0.396, -0.396, -0.396, -0.396, -0.396, -0.396, -0.396, -0.396, -0.396, -0.396, -0.396, -0.396, -0.396, -0.396, -0.396, -0.396, -0.396, -0.396, -0.396, -0.396, -0.396, -0.396, -0.396, -0.396, -0.396, -0.396, -0.396, -0.396, -0.396, -0.396, -0.396, -0.396, -0.396, -0.396, -0.396, -0.396, -0.396, -0.396, -0.396, -0.396, -0.396, -0.396, -0.396, -0.396, -0.396, -0.396, -0.396, -0.396, -0.396, -0.396, -0.396, -0.396, -0.396, -0.396, -0.396, -0.396, -0.396, -0.396, -0.396, -0.396, -0.396, -0.396, -0.396, -0.396, -0.396, -0.396, -0.396, -0.396, -0.396, -0.396, -0.396, -0.396, -0.396, -0.396, -0.396, -0.396, -0.396, -0.396, -0.396, -0.396, -0.396, -0.396, -0.396, -0.396, -0.396, -0.396, -0.396, -0.396, -0.396, -0.396, -0.396, -0.396, -0.396, -0.396, -0.396, -0.396, -0.396, -0.396, -0.396, -0.396, -0.396, -0.396, -0.396, -0.396, -0.396, -0.396, -0.396, -0.396, -0.396, -0.396, -0.396, -0.396, -0.396, -0.396, -0.396, -0.396, -0.396, -0.396, -0.396, -0.396, -0.396, -0.396, -0.396, -0.396, -0.396, -0.396, -0.396, -0.396, -0.396, -0.396, -0.396, -0.396, -0.396, -0.396, -0.396, -0.396, -0.396, -0.396, -0.396, -0.396, -0.396, -0.396, -0.396, -0.396, -0.396, -0.396, -0.396, -0.396, -0.396, -0.396, -0.396, -0.396, -0.396, -0.396, -0.396, -0.396, -0.396, -0.396, -0.396, -0.396, -0.396, -0.396, -0.396, -0.396, -0.396, -0.396, -0.396, -0.396, -0.396, -0.396, -0.396, -0.396, -0.396, -0.396, -0.396, -0.396, -0.396, -0.396, -0.396, -0.396, -0.396, -0.396, -0.396, -0.396, -0.396, -0.396, -0.396, -0.396, -0.396, -0.396, -0.396, -0.396, -0.396, -0.396, -0.396, -0.396, -0.396, -0.396, -0.396, -0.396, -0.396, -0.396, -0.396, -0.396, -0.396, -0.396, -0.396, -0.396, -0.396, -0.396, -0.396, -0.396, -0.396, -0.396, -0.396, -0.396, -0.396, -0.396]",None,None,None,None,88.78819166700123,88.79524800000945,89.76614654200966,0,0,89.76618666699505,89.76624162500957,,,,C,2025-03-02_22h54.36.622,asymmetry_v8,2024.2.4,None,2025-03-02 22h54.45.376086 -0500,
1,val_C0F1,12,12,0,1,0.0,2,0.3,0,pen,rew,pen_rew,-0.34,input_data/stims/Shape_0.30_0.00.png,0.0,-0.073620648,input_data/stims/Shape_0.00_0.00.png,input_data/stims/Shape_4.00_0.00.png,space,0.5778327080188319,None,None,None,None,None,,,0,0,0,0,0,12,12,2,90.0221293749928,,,,,,,,,90.01851691698539,90.79661145899445,91.77634725000826,91.77637766700354,91.77645095900516,92.21873433399014,93.32437074999325,93.32437074999325,93.32437074999325,93.32437074999325,93.32437074999325,93.32437074999325,93.32437074999325,96.27385479200166,"[-0.074, -0.074, -0.074, -0.074, -0.074, -0.074, -0.074, -0.074, -0.074, -0.074, -0.074, -0.074, -0.074, -0.074, -0.074, -0.074, -0.074, -0.074, -0.074, -0.074, -0.074, -0.074, -0.074, -0.074, -0.074, -0.074, -0.074, -0.074, -0.074, -0.074, -0.074, -0.074, -0.074, -0.074, -0.074, -0.074, -0.074, -0.074, -0.074, -0.074, -0.074, -0.074, -0.074, -0.074, -0.074, -0.074, -0.074, -0.074, -0.074, -0.074, -0.074, -0.074, -0.074, -0.074, -0.074, -0.074, -0.074, -0.074, -0.074, -0.074, -0.074, -0.074, -0.074, -0.074, -0.074, -0.074, -0.074, -0.074, -0.074, -0.074, -0.074, -0.074, -0.074, -0.074, -0.074, -0.074, -0.074, -0.074, -0.074, -0.074, -0.074, -0.074, -0.074, -0.074, -0.074, -0.074, -0.074, -0.074, -0.074, -0.074, -0.074, -0.074, -0.074, -0.074, -0.074, -0.074, -0.074, -0.074, -0.074, -0.074, -0.074, -0.074, -0.074, -0.074, -0.074, -0.074, -0.074, -0.074, -0.074, -0.074, -0.074, -0.074, -0.074, -0.074, -0.074, -0.074, -0.074, -0.074, -0.074, -0.074, -0.074, -0.074, -0.074, -0.074, -0.074, -0.074, -0.074, -0.074, -0.074, -0.074, -0.074, -0.074, -0.074, -0.074, -0.074, -0.074, -0.074, -0.074, -0.074, -0.074, -0.074, -0.074, -0.074, -0.074, -0.074, -0.074, -0.074, -0.074, -0.074, -0.074, -0.074, -0.074, -0.074, -0.074, -0.074, -0.074, -0.074, -0.074, -0.074, -0.074, -0.074, -0.074, -0.074, -0.074, -0.074, -0.074, -0.074, -0.074, -0.074, -0.074, -0.074, -0.074, -0.074, -0.074, -0.074, -0.074, -0.074, -0.074, -0.074, -0.074, -0.074, -0.074, -0.074, -0.074, -0.074, -0.074, -0.074, -0.074, -0.074, -0.074, -0.074, -0.074, -0.074, -0.074, -0.074, -0.074, -0.074, -0.074, -0.074, -0.074, -0.074, -0.074, -0.074, -0.074, -0.074, -0.074, -0.074, -0.074, -0.074, -0.074, -0.074, -0.074, -0.074, -0.074, -0.074, -0.074, -0.074, -0.074, -0.074, -0.074, -0.074, -0.074, -0.074, -0.074, -0.074, -0.074, -0.074, -0.074, -0.074, -0.074, -0.074, -0.074, -0.074, -0.074, -0.074, -0.074, -0.074, -0.074, -0.074, -0.074, -0.074, -0.074, -0.074, -0.074, -0.074, -0.074, -0.074, -0.074, -0.074, -0.074, -0.074, -0.074, -0.074, -0.074, -0.074, -0.074, -0.074, -0.074, -0.074, -0.074, -0.074, -0.074, -0.074, -0.074, -0.074, -0.074, -0.074, -0.074, -0.074, -0.074, -0.074, -0.074, -0.074, -0.074, -0.074, -0.074, -0.074, -0.074, -0.074, -0.074, -0.074, -0.074, -0.074, -0.074, -0.074, -0.074, -0.074, -0.074, -0.074, -0.074, -0.074, -0.074, -0.074, -0.074, -0.074, -0.074, -0.074, -0.074, -0.074, -0.074, -0.074, -0.074, -0.074, -0.074, -0.074, -0.074, -0.074, -0.074, -0.074, -0.074, -0.074, -0.074, -0.074, -0.074, -0.074, -0.074, -0.074, -0.074, -0.074, -0.074, -0.074, -0.074, -0.074, -0.074, -0.074, -0.074, -0.074, -0.074, -0.074, -0.074, -0.074, -0.074, -0.074, -0.074, -0.074, -0.074, -0.074, -0.074, -0.074, -0.074, -0.074, -0.074, -0.074, -0.074, -0.074, -0.074, -0.074, -0.074, -0.074, -0.074, -0.074, -0.074, -0.074, -0.074, -0.074, -0.074, -0.074, -0.074, -0.074, -0.074, -0.074]",None,None,None,None,96.29210258400417,96.29945749999024,97.26597166698775,0,0,97.26601175000542,97.26606683401042,,,,C,2025-03-02_22h54.36.622,asymmetry_v8,2024.2.4,None,2025-03-02 22h54.45.376086 -0500,
1,val_C0F1,13,13,0,1,0.0,10,1.1,0,pen,rew,pen_rew,-0.18,input_data/stims/Shape_1.10_0.00.png,0.0,-0.314311234,input_data/stims/Shape_0.00_0.00.png,input_data/stims/Shape_4.00_0.00.png,space,0.5778327080188319,None,None,None,None,None,,,0,0,0,0,0,13,13,10,97.50374695900246,,,,,,,,,97.49919820899959,98.29713525000261,99.27386849999311,99.27389849998872,99.27396145899547,99.71091625001281,100.82092887500767,100.82092887500767,100.82092887500767,100.82092887500767,100.82092887500767,100.82092887500767,100.82092887500767,103.7740135419881,"[-0.314, -0.314, -0.314, -0.314, -0.314, -0.314, -0.314, -0.314, -0.314, -0.314, -0.314, -0.314, -0.314, -0.314, -0.314, -0.314, -0.314, -0.314, -0.314, -0.314, -0.314, -0.314, -0.314, -0.314, -0.314, -0.314, -0.314, -0.314, -0.314, -0.314, -0.314, -0.314, -0.314, -0.314, -0.314, -0.314, -0.314, -0.314, -0.314, -0.314, -0.314, -0.314, -0.314, -0.314, -0.314, -0.314, -0.314, -0.314, -0.314, -0.314, -0.314, -0.314, -0.314, -0.314, -0.314, -0.314, -0.314, -0.314, -0.314, -0.314, -0.314, -0.314, -0.314, -0.314, -0.314, -0.314, -0.314, -0.314, -0.314, -0.314, -0.314, -0.314, -0.314, -0.314, -0.314, -0.314, -0.314, -0.314, -0.314, -0.314, -0.314, -0.314, -0.314, -0.314, -0.314, -0.314, -0.314, -0.314, -0.314, -0.314, -0.314, -0.314, -0.314, -0.314, -0.314, -0.314, -0.314, -0.314, -0.314, -0.314, -0.314, -0.314, -0.314, -0.314, -0.314, -0.314, -0.314, -0.314, -0.314, -0.314, -0.314, -0.314, -0.314, -0.314, -0.314, -0.314, -0.314, -0.314, -0.314, -0.314, -0.314, -0.314, -0.314, -0.314, -0.314, -0.314, -0.314, -0.314, -0.314, -0.314, -0.314, -0.314, -0.314, -0.314, -0.314, -0.314, -0.314, -0.314, -0.314, -0.314, -0.314, -0.314, -0.314, -0.314, -0.314, -0.314, -0.314, -0.314, -0.314, -0.314, -0.314, -0.314, -0.314, -0.314, -0.314, -0.314, -0.314, -0.314, -0.314, -0.314, -0.314, -0.314, -0.314, -0.314, -0.314, -0.314, -0.314, -0.314, -0.314, -0.314, -0.314, -0.314, -0.314, -0.314, -0.314, -0.314, -0.314, -0.314, -0.314, -0.314, -0.314, -0.314, -0.314, -0.314, -0.314, -0.314, -0.314, -0.314, -0.314, -0.314, -0.314, -0.314, -0.314, -0.314, -0.314, -0.314, -0.314, -0.314, -0.314, -0.314, -0.314, -0.314, -0.314, -0.314, -0.314, -0.314, -0.314, -0.314, -0.314, -0.314, -0.314, -0.314, -0.314, -0.314, -0.314, -0.314, -0.314, -0.314, -0.314, -0.314, -0.314, -0.314, -0.314, -0.314, -0.314, -0.314, -0.314, -0.314, -0.314, -0.314, -0.314, -0.314, -0.314, -0.314, -0.314, -0.314, -0.314, -0.314, -0.314, -0.314, -0.314, -0.314, -0.314, -0.314, -0.314, -0.314, -0.314, -0.314, -0.314, -0.314, -0.314, -0.314, -0.314, -0.314, -0.314, -0.314, -0.314, -0.314, -0.314, -0.314, -0.314, -0.314, -0.314, -0.314, -0.314, -0.314, -0.314, -0.314, -0.314, -0.314, -0.314, -0.314, -0.314, -0.314, -0.314, -0.314, -0.314, -0.314, -0.314, -0.314, -0.314, -0.314, -0.314, -0.314, -0.314, -0.314, -0.314, -0.314, -0.314, -0.314, -0.314, -0.314, -0.314, -0.314, -0.314, -0.314, -0.314, -0.314, -0.314, -0.314, -0.314, -0.314, -0.314, -0.314, -0.314, -0.314, -0.314, -0.314, -0.314, -0.314, -0.314, -0.314, -0.314, -0.314, -0.314, -0.314, -0.314, -0.314, -0.314, -0.314, -0.314, -0.314, -0.314, -0.314, -0.314, -0.314, -0.314, -0.314, -0.314, -0.314, -0.314, -0.314, -0.314, -0.314, -0.314, -0.314, -0.314, -0.314, -0.314, -0.314, -0.314, -0.314, -0.314, -0.314, -0.314, -0.314, -0.314, -0.314, -0.314, -0.314, -0.314, -0.314, -0.314, -0.314, -0.314, -0.314, -0.314, -0.314, -0.314, -0.314, -0.314]",None,None,None,None,103.78861116699409,103.7955421670049,104.76608070899965,0,0,104.76611908400082,104.76617550000083,,,,C,2025-03-02_22h54.36.622,asymmetry_v8,2024.2.4,None,2025-03-02 22h54.45.376086 -0500,
1,val_C0F1,14,14,0,1,0.0,25,2.5,4,rew,pen,pen_rew,0.1,input_data/stims/Shape_2.50_4.00.png,0.0,0.205402851,input_data/stims/Shape_0.00_4.00.png,input_data/stims/Shape_4.00_4.00.png,space,0.5778327080188319,None,None,None,None,None,,,0,0,0,0,0,14,14,25,105.01807866699528,,,,,,,,,105.01453491699067,105.79736341699027,106.77395879200776,106.77399162499933,106.77406404199428,107.22204741698806,108.32315995899262,108.32315995899262,108.32315995899262,108.32315995899262,108.32315995899262,108.32315995899262,108.32315995899262,111.27359841699945,"[0.205, 0.205, 0.205, 0.205, 0.205, 0.205, 0.205, 0.205, 0.205, 0.205, 0.205, 0.205, 0.205, 0.205, 0.205, 0.205, 0.205, 0.205, 0.205, 0.205, 0.205, 0.205, 0.205, 0.205, 0.205, 0.205, 0.205, 0.205, 0.205, 0.205, 0.205, 0.205, 0.205, 0.205, 0.205, 0.205, 0.205, 0.205, 0.205, 0.205, 0.205, 0.205, 0.205, 0.205, 0.205, 0.205, 0.205, 0.205, 0.205, 0.205, 0.205, 0.205, 0.205, 0.205, 0.205, 0.205, 0.205, 0.205, 0.205, 0.205, 0.205, 0.205, 0.205, 0.205, 0.205, 0.205, 0.205, 0.205, 0.205, 0.205, 0.205, 0.205, 0.205, 0.205, 0.205, 0.205, 0.205, 0.205, 0.205, 0.205, 0.205, 0.205, 0.205, 0.205, 0.205, 0.205, 0.205, 0.205, 0.205, 0.205, 0.205, 0.205, 0.205, 0.205, 0.205, 0.205, 0.205, 0.205, 0.205, 0.205, 0.205, 0.205, 0.205, 0.205, 0.205, 0.205, 0.205, 0.205, 0.205, 0.205, 0.205, 0.205, 0.205, 0.205, 0.205, 0.205, 0.205, 0.205, 0.205, 0.205, 0.205, 0.205, 0.205, 0.205, 0.205, 0.205, 0.205, 0.205, 0.205, 0.205, 0.205, 0.205, 0.205, 0.205, 0.205, 0.205, 0.205, 0.205, 0.205, 0.205, 0.205, 0.205, 0.205, 0.205, 0.205, 0.205, 0.205, 0.205, 0.205, 0.205, 0.205, 0.205, 0.205, 0.205, 0.205, 0.205, 0.205, 0.205, 0.205, 0.205, 0.205, 0.205, 0.205, 0.205, 0.205, 0.205, 0.205, 0.205, 0.205, 0.205, 0.205, 0.205, 0.205, 0.205, 0.205, 0.205, 0.205, 0.205, 0.205, 0.205, 0.205, 0.205, 0.205, 0.205, 0.205, 0.205, 0.205, 0.205, 0.205, 0.205, 0.205, 0.205, 0.205, 0.205, 0.205, 0.205, 0.205, 0.205, 0.205, 0.205, 0.205, 0.205, 0.205, 0.205, 0.205, 0.205, 0.205, 0.205, 0.205, 0.205, 0.205, 0.205, 0.205, 0.205, 0.205, 0.205, 0.205, 0.205, 0.205, 0.205, 0.205, 0.205, 0.205, 0.205, 0.205, 0.205, 0.205, 0.205, 0.205, 0.205, 0.205, 0.205, 0.205, 0.205, 0.205, 0.205, 0.205, 0.205, 0.205, 0.205, 0.205, 0.205, 0.205, 0.205, 0.205, 0.205, 0.205, 0.205, 0.205, 0.205, 0.205, 0.205, 0.205, 0.205, 0.205, 0.205, 0.205, 0.205, 0.205, 0.205, 0.205, 0.205, 0.205, 0.205, 0.205, 0.205, 0.205, 0.205, 0.205, 0.205, 0.205, 0.205, 0.205, 0.205, 0.205, 0.205, 0.205, 0.205, 0.205, 0.205, 0.205, 0.195, 0.185, 0.175, 0.165, 0.155, 0.145, 0.135, 0.125, 0.125, 0.125, 0.125, 0.125, 0.125, 0.125, 0.125, 0.125, 0.125, 0.125, 0.125, 0.125, 0.125, 0.125, 0.125, 0.125, 0.125, 0.125, 0.125, 0.125, 0.125, 0.125, 0.125, 0.125, 0.125, 0.125, 0.125, 0.125, 0.125, 0.125, 0.125, 0.125, 0.125, 0.125, 0.125, 0.125, 0.125, 0.125, 0.125, 0.125, 0.125, 0.125, 0.125, 0.125, 0.125, 0.125, 0.125, 0.125, 0.125, 0.125, 0.125, 0.125, 0.125, 0.125, 0.125, 0.125, 0.125, 0.125, 0.125, 0.125, 0.125, 0.125, 0.125, 0.125, 0.125, 0.125, 0.125, 0.125, 0.125, 0.125]",None,None,None,None,111.29035783399013,111.29530550001073,112.2665122920007,0,0,112.26655670898617,112.2666194170015,,,,C,2025-03-02_22h54.36.622,asymmetry_v8,2024.2.4,None,2025-03-02 22h54.45.376086 -0500,
1,val_C0F1,15,15,0,1,0.0,38,3.9,0,rew,pen,rew_pen,-0.38,input_data/stims/Shape_3.90_0.00.png,0.0,-0.106734286,input_data/stims/Shape_4.00_0.00.png,input_data/stims/Shape_0.00_0.00.png,space,0.5778327080188319,None,None,None,None,None,,,0,0,0,0,0,15,15,38,112.49630158400396,,,,,,,,,112.49294504200225,113.30539979200694,114.27430316701066,114.2743375840073,114.27440925000701,114.70834924999508,115.82357587499428,115.82357587499428,115.82357587499428,115.82357587499428,115.82357587499428,115.82357587499428,115.82357587499428,118.77336362499045,"[-0.117, -0.127, -0.137, -0.147, -0.157, -0.167, -0.177, -0.187, -0.197, -0.207, -0.217, -0.227, -0.237, -0.247, -0.257, -0.267, -0.277, -0.287, -0.297, -0.307, -0.317, -0.327, -0.337, -0.347, -0.357, -0.367, -0.377, -0.387, -0.397, -0.397, -0.397, -0.397, -0.397, -0.397, -0.397, -0.397, -0.397, -0.397, -0.397, -0.397, -0.397, -0.397, -0.397, -0.397, -0.397, -0.397, -0.397, -0.397, -0.397, -0.397, -0.397, -0.397, -0.397, -0.397, -0.397, -0.397, -0.397, -0.397, -0.397, -0.397, -0.397, -0.397, -0.397, -0.397, -0.397, -0.397, -0.397, -0.397, -0.397, -0.397, -0.397, -0.397, -0.397, -0.397, -0.397, -0.397, -0.397, -0.397, -0.397, -0.397, -0.397, -0.397, -0.397, -0.397, -0.397, -0.397, -0.397, -0.397, -0.397, -0.397, -0.397, -0.397, -0.397, -0.397, -0.397, -0.397, -0.397, -0.397, -0.397, -0.397, -0.397, -0.397, -0.397, -0.397, -0.397, -0.397, -0.397, -0.397, -0.397, -0.397, -0.397, -0.397, -0.397, -0.397, -0.397, -0.397, -0.397, -0.397, -0.397, -0.397, -0.397, -0.397, -0.397, -0.397, -0.397, -0.397, -0.397, -0.397, -0.397, -0.397, -0.397, -0.397, -0.397, -0.397, -0.397, -0.397, -0.397, -0.397, -0.397, -0.397, -0.397, -0.397, -0.397, -0.397, -0.397, -0.397, -0.397, -0.397, -0.397, -0.397, -0.397, -0.397, -0.397, -0.397, -0.397, -0.397, -0.397, -0.397, -0.397, -0.397, -0.397, -0.397, -0.397, -0.397, -0.397, -0.397, -0.397, -0.397, -0.397, -0.397, -0.397, -0.397, -0.397, -0.397, -0.397, -0.397, -0.397, -0.397, -0.397, -0.397, -0.397, -0.397, -0.397, -0.397, -0.397, -0.397, -0.397, -0.397, -0.397, -0.397, -0.397, -0.397, -0.397, -0.397, -0.397, -0.397, -0.397, -0.397, -0.397, -0.397, -0.397, -0.397, -0.397, -0.397, -0.397, -0.397, -0.397, -0.397, -0.397, -0.397, -0.397, -0.397, -0.397, -0.397, -0.397, -0.397, -0.397, -0.397, -0.397, -0.397, -0.397, -0.397, -0.397, -0.397, -0.397, -0.397, -0.397, -0.397, -0.397, -0.397, -0.397, -0.397, -0.397, -0.397, -0.397, -0.397, -0.397, -0.397, -0.397, -0.397, -0.397, -0.397, -0.397, -0.397, -0.397, -0.397, -0.397, -0.397, -0.397, -0.397, -0.397, -0.397, -0.397, -0.397, -0.397, -0.397, -0.397, -0.397, -0.397, -0.397, -0.397, -0.397, -0.397, -0.397, -0.397, -0.397, -0.397, -0.397, -0.397, -0.397, -0.397, -0.397, -0.397, -0.397, -0.397, -0.397, -0.397, -0.397, -0.397, -0.397, -0.397, -0.397, -0.397, -0.397, -0.397, -0.397, -0.397, -0.397, -0.397, -0.397, -0.397, -0.397, -0.397, -0.397, -0.397, -0.397, -0.397, -0.397, -0.397, -0.397, -0.397, -0.397, -0.397, -0.397, -0.397, -0.397, -0.397, -0.397, -0.397, -0.397, -0.397, -0.397, -0.397, -0.397, -0.397, -0.397, -0.397, -0.397, -0.397, -0.397, -0.397, -0.397, -0.397, -0.397, -0.397, -0.397, -0.397, -0.397, -0.397, -0.397, -0.397, -0.397, -0.397, -0.397, -0.397, -0.397, -0.397, -0.397, -0.397, -0.397, -0.397, -0.397, -0.397, -0.397, -0.397, -0.397, -0.397, -0.397, -0.397, -0.397, -0.397, -0.397, -0.397, -0.397, -0.397, -0.397, -0.397, -0.397, -0.397, -0.397]",None,None,None,None,118.78774562501349,118.79556095899898,119.76602179199108,0,0,119.7660656250082,119.7661289589887,,,,C,2025-03-02_22h54.36.622,asymmetry_v8,2024.2.4,None,2025-03-02 22h54.45.376086 -0500,
1,val_C0F1,16,16,0,1,0.0,29,2.9,4,rew,pen,pen_rew,0.18,input_data/stims/Shape_2.90_4.00.png,0.0,0.35014671,input_data/stims/Shape_0.00_4.00.png,input_data/stims/Shape_4.00_4.00.png,space,0.5778327080188319,None,None,None,None,None,,,0,0,0,0,0,16,16,29,119.99252641698695,,,,,,,,,119.98891662500682,120.79689570900518,121.7741008749872,121.77413437500945,121.77420758400694,122.21867104200646,123.32209475000855,123.32209475000855,123.32209475000855,123.32209475000855,123.32209475000855,123.32209475000855,123.32209475000855,126.2744641249883,"[0.35, 0.35, 0.35, 0.35, 0.35, 0.35, 0.35, 0.35, 0.35, 0.35, 0.35, 0.35, 0.35, 0.35, 0.35, 0.35, 0.35, 0.35, 0.35, 0.35, 0.35, 0.35, 0.35, 0.35, 0.35, 0.35, 0.35, 0.35, 0.35, 0.35, 0.35, 0.35, 0.35, 0.35, 0.35, 0.35, 0.35, 0.35, 0.35, 0.35, 0.35, 0.35, 0.35, 0.35, 0.35, 0.35, 0.35, 0.35, 0.35, 0.35, 0.35, 0.35, 0.35, 0.35, 0.35, 0.35, 0.35, 0.35, 0.35, 0.35, 0.35, 0.35, 0.35, 0.35, 0.35, 0.35, 0.35, 0.35, 0.35, 0.35, 0.35, 0.35, 0.35, 0.35, 0.35, 0.35, 0.35, 0.35, 0.35, 0.35, 0.35, 0.35, 0.35, 0.35, 0.35, 0.35, 0.35, 0.35, 0.35, 0.35, 0.35, 0.35, 0.35, 0.35, 0.35, 0.35, 0.35, 0.35, 0.35, 0.35, 0.35, 0.35, 0.35, 0.35, 0.35, 0.35, 0.35, 0.35, 0.35, 0.35, 0.35, 0.35, 0.35, 0.35, 0.35, 0.35, 0.35, 0.35, 0.35, 0.35, 0.35, 0.35, 0.35, 0.35, 0.35, 0.35, 0.35, 0.35, 0.35, 0.35, 0.35, 0.35, 0.35, 0.35, 0.35, 0.35, 0.35, 0.35, 0.35, 0.35, 0.35, 0.35, 0.35, 0.35, 0.35, 0.35, 0.35, 0.35, 0.35, 0.35, 0.35, 0.35, 0.35, 0.35, 0.35, 0.35, 0.35, 0.35, 0.35, 0.35, 0.35, 0.35, 0.35, 0.35, 0.35, 0.35, 0.35, 0.35, 0.35, 0.35, 0.35, 0.35, 0.35, 0.35, 0.35, 0.35, 0.35, 0.35, 0.35, 0.35, 0.35, 0.35, 0.35, 0.35, 0.35, 0.35, 0.35, 0.35, 0.35, 0.35, 0.35, 0.35, 0.35, 0.35, 0.35, 0.35, 0.35, 0.35, 0.35, 0.35, 0.35, 0.35, 0.35, 0.35, 0.35, 0.35, 0.35, 0.35, 0.35, 0.35, 0.35, 0.35, 0.35, 0.35, 0.35, 0.35, 0.35, 0.35, 0.35, 0.35, 0.35, 0.35, 0.35, 0.35, 0.35, 0.35, 0.35, 0.35, 0.35, 0.35, 0.35, 0.35, 0.35, 0.35, 0.35, 0.35, 0.35, 0.35, 0.35, 0.35, 0.35, 0.35, 0.35, 0.35, 0.35, 0.35, 0.35, 0.35, 0.35, 0.35, 0.35, 0.35, 0.35, 0.35, 0.35, 0.35, 0.35, 0.35, 0.35, 0.35, 0.35, 0.35, 0.35, 0.35, 0.35, 0.35, 0.35, 0.35, 0.35, 0.35, 0.35, 0.35, 0.35, 0.35, 0.35, 0.35, 0.35, 0.35, 0.35, 0.35, 0.35, 0.35, 0.35, 0.35, 0.35, 0.35, 0.35, 0.35, 0.35, 0.35, 0.35, 0.35, 0.35, 0.35, 0.35, 0.35, 0.35, 0.35, 0.35, 0.35, 0.35, 0.35, 0.35, 0.35, 0.35, 0.35, 0.35, 0.35, 0.35, 0.35, 0.35, 0.35, 0.35, 0.35, 0.35, 0.35, 0.35, 0.35, 0.35, 0.35, 0.35, 0.35, 0.35, 0.35, 0.35, 0.35, 0.35, 0.35, 0.35, 0.35, 0.35, 0.35, 0.35, 0.35, 0.35, 0.35, 0.35, 0.35, 0.35, 0.35, 0.35, 0.35, 0.35, 0.35, 0.35, 0.35, 0.35, 0.35, 0.35, 0.35, 0.35, 0.35, 0.35, 0.35, 0.35, 0.35]",None,None,None,None,126.29204258401296,126.29535050000413,127.26640233400394,0,0,127.26644170901272,127.26649841701146,,,,C,2025-03-02_22h54.36.622,asymmetry_v8,2024.2.4,None,2025-03-02 22h54.45.376086 -0500,
1,val_C0F1,17,17,0,1,0.0,12,1.3,0,pen,rew,pen_rew,-0.14,input_data/stims/Shape_1.30_0.00.png,0.0,0.124470548,input_data/stims/Shape_0.00_0.00.png,input_data/stims/Shape_4.00_0.00.png,space,0.5778327080188319,None,None,None,['right'],None,[1.368958457984263],[0.22404916700907052],0,0,0,0,0,17,17,12,127.49952795900754,,,,,,,,,127.49604579200968,128.29701979199308,129.27429945900803,129.27433220899547,129.27440724999178,129.7121455000015,130.82145883399062,130.82145883399062,130.82145883399062,130.82145883399062,130.82145883399062,130.82145883399062,130.82145883399062,133.77366137498757,"[0.124, 0.124, 0.124, 0.124, 0.124, 0.124, 0.124, 0.124, 0.124, 0.124, 0.124, 0.124, 0.124, 0.124, 0.124, 0.124, 0.124, 0.124, 0.124, 0.124, 0.124, 0.124, 0.124, 0.124, 0.124, 0.124, 0.124, 0.124, 0.124, 0.124, 0.124, 0.124, 0.124, 0.124, 0.124, 0.124, 0.124, 0.124, 0.124, 0.124, 0.124, 0.124, 0.124, 0.124, 0.124, 0.124, 0.124, 0.124, 0.124, 0.124, 0.124, 0.124, 0.124, 0.124, 0.124, 0.124, 0.124, 0.124, 0.124, 0.124, 0.124, 0.124, 0.124, 0.124, 0.124, 0.124, 0.124, 0.124, 0.124, 0.124, 0.124, 0.124, 0.124, 0.124, 0.124, 0.124, 0.124, 0.124, 0.124, 0.124, 0.124, 0.124, 0.124, 0.124, 0.124, 0.124, 0.124, 0.124, 0.124, 0.124, 0.124, 0.124, 0.124, 0.124, 0.124, 0.124, 0.124, 0.124, 0.124, 0.124, 0.124, 0.124, 0.124, 0.124, 0.124, 0.124, 0.124, 0.124, 0.124, 0.124, 0.124, 0.124, 0.124, 0.124, 0.124, 0.124, 0.124, 0.124, 0.124, 0.124, 0.124, 0.124, 0.124, 0.124, 0.114, 0.104, 0.094, 0.084, 0.074, 0.064, 0.054, 0.044, 0.034, 0.024, 0.014, 0.004, -0.006, -0.016, -0.026, -0.036, -0.036, -0.036, -0.036, -0.036, -0.036, -0.036, -0.036, -0.036, -0.036, -0.036, -0.036, -0.036, -0.036, -0.036, -0.036, -0.036, -0.036, -0.036, -0.036, -0.036, -0.036, -0.036, -0.036, -0.036, -0.036, -0.036, -0.036, -0.036, -0.036, -0.036, -0.036, -0.046, -0.056, -0.066, -0.076, -0.086, -0.096, -0.106, -0.116, -0.126, -0.136, -0.146, -0.156, -0.166, -0.176, -0.176, -0.176, -0.176, -0.176, -0.176, -0.176, -0.176, -0.176, -0.176, -0.176, -0.176, -0.176, -0.176, -0.176, -0.176, -0.176, -0.176, -0.176, -0.176, -0.176, -0.176, -0.176, -0.176, -0.176, -0.176, -0.176, -0.176, -0.176, -0.176, -0.176, -0.176, -0.176, -0.176, -0.166, -0.156, -0.146, -0.136, -0.126, -0.116, -0.106, -0.096, -0.086, -0.076, -0.066, -0.056, -0.046, -0.036, -0.026, -0.016, -0.006, 0.004, 0.004, 0.004, 0.004, 0.004, 0.004, 0.004, 0.004, 0.004, 0.004, 0.004, 0.004, 0.004, 0.004, 0.004, 0.004, 0.004, 0.004, 0.004, 0.004, 0.004, 0.004, 0.004, 0.004, 0.004, 0.004, 0.004, 0.004, 0.004, 0.004, 0.004, 0.004, 0.004, 0.004, 0.004, 0.004, 0.004, 0.004, 0.004, 0.004, 0.004, 0.004, 0.004, 0.004, 0.004, 0.004, 0.004, 0.004, 0.004, 0.004, 0.004, 0.004, 0.004, 0.004, 0.004, 0.004, 0.004, 0.004, 0.004, 0.004, 0.004, 0.004, 0.004, 0.004, 0.004, 0.004, 0.004, 0.004, 0.004, 0.004, 0.004, 0.004, 0.004, 0.004, 0.004, 0.004, 0.004, 0.004, 0.004, 0.004, 0.004, 0.004, 0.004, 0.004, 0.004, 0.004, 0.004, 0.004, 0.004, 0.004, 0.004, 0.004, 0.004, 0.004, 0.004, 0.004, 0.004, 0.004, 0.004, 0.004, 0.004, 0.004, 0.004, 0.004, 0.004, 0.004, 0.004, 0.004, 0.004, 0.004, 0.004, 0.004, 0.004, 0.004, 0.004, 0.004, 0.004, 0.004, 0.004, 0.004, 0.004, 0.004, 0.004]",None,None,['right'],None,133.79090912500396,133.79533720901236,134.75183837499935,0,0,134.7518747090071,134.75192379200598,[1.368958457984263],[0.22404916700907052],,C,2025-03-02_22h54.36.622,asymmetry_v8,2024.2.4,None,2025-03-02 22h54.45.376086 -0500,
1,val_C0F1,18,18,0,1,0.0,21,2.1,4,rew,pen,pen_rew,0.02,input_data/stims/Shape_2.10_4.00.png,0.0,0.2079307,input_data/stims/Shape_0.00_4.00.png,input_data/stims/Shape_4.00_4.00.png,space,0.5778327080188319,None,None,None,None,None,,,0,0,0,0,0,18,18,21,134.98908720898908,,,,,,,,,134.98549633400398,135.76926416700007,136.76613954198547,136.76617433398496,136.766268959007,137.2036079170066,138.29759558400838,138.29759558400838,138.29759558400838,138.29759558400838,138.29759558400838,138.29759558400838,138.29759558400838,141.26578195899492,"[0.208, 0.208, 0.208, 0.208, 0.208, 0.208, 0.208, 0.208, 0.208, 0.208, 0.208, 0.208, 0.208, 0.208, 0.208, 0.208, 0.208, 0.208, 0.208, 0.208, 0.208, 0.208, 0.208, 0.208, 0.208, 0.208, 0.208, 0.208, 0.208, 0.208, 0.208, 0.208, 0.208, 0.208, 0.208, 0.208, 0.208, 0.208, 0.208, 0.208, 0.208, 0.208, 0.208, 0.208, 0.208, 0.208, 0.208, 0.208, 0.208, 0.208, 0.208, 0.208, 0.208, 0.208, 0.208, 0.208, 0.208, 0.208, 0.208, 0.208, 0.208, 0.208, 0.208, 0.208, 0.208, 0.208, 0.208, 0.208, 0.208, 0.208, 0.208, 0.208, 0.208, 0.208, 0.208, 0.208, 0.208, 0.208, 0.208, 0.208, 0.208, 0.208, 0.208, 0.208, 0.208, 0.208, 0.208, 0.208, 0.208, 0.208, 0.208, 0.208, 0.208, 0.208, 0.208, 0.208, 0.208, 0.208, 0.208, 0.208, 0.208, 0.208, 0.208, 0.208, 0.208, 0.208, 0.208, 0.208, 0.208, 0.208, 0.208, 0.208, 0.208, 0.208, 0.208, 0.208, 0.208, 0.208, 0.208, 0.208, 0.208, 0.208, 0.208, 0.208, 0.208, 0.208, 0.208, 0.208, 0.208, 0.208, 0.208, 0.208, 0.208, 0.208, 0.208, 0.208, 0.208, 0.208, 0.208, 0.208, 0.208, 0.208, 0.208, 0.208, 0.208, 0.208, 0.208, 0.208, 0.208, 0.208, 0.208, 0.208, 0.208, 0.208, 0.208, 0.208, 0.208, 0.208, 0.208, 0.208, 0.208, 0.208, 0.208, 0.208, 0.208, 0.208, 0.208, 0.208, 0.208, 0.208, 0.208, 0.208, 0.208, 0.208, 0.208, 0.208, 0.208, 0.208, 0.208, 0.208, 0.208, 0.208, 0.208, 0.198, 0.188, 0.178, 0.168, 0.158, 0.148, 0.138, 0.128, 0.118, 0.108, 0.098, 0.088, 0.078, 0.068, 0.058, 0.048, 0.038, 0.028, 0.028, 0.028, 0.028, 0.028, 0.028, 0.028, 0.028, 0.028, 0.028, 0.028, 0.028, 0.028, 0.028, 0.028, 0.028, 0.028, 0.028, 0.028, 0.028, 0.028, 0.028, 0.028, 0.028, 0.028, 0.028, 0.028, 0.028, 0.028, 0.028, 0.028, 0.028, 0.028, 0.028, 0.028, 0.028, 0.028, 0.028, 0.028, 0.028, 0.028, 0.028, 0.028, 0.028, 0.028, 0.028, 0.028, 0.028, 0.028, 0.028, 0.028, 0.028, 0.028, 0.028, 0.028, 0.028, 0.028, 0.028, 0.028, 0.028, 0.028, 0.028, 0.028, 0.028, 0.028, 0.028, 0.028, 0.028, 0.028, 0.028, 0.028, 0.028, 0.028, 0.028, 0.028, 0.028, 0.028, 0.028, 0.028, 0.028, 0.028, 0.028, 0.028, 0.028, 0.028, 0.028, 0.028, 0.028, 0.028, 0.028, 0.028, 0.028, 0.028, 0.028, 0.028, 0.028, 0.028, 0.028, 0.028, 0.028, 0.028, 0.028, 0.028, 0.028, 0.028, 0.028, 0.028, 0.028, 0.028, 0.028, 0.028, 0.028, 0.028, 0.028, 0.028, 0.028, 0.028, 0.028, 0.028, 0.028, 0.028, 0.028, 0.028, 0.028, 0.028, 0.028, 0.028, 0.028, 0.028, 0.028, 0.028, 0.028, 0.028, 0.028, 0.028, 0.028, 0.028, 0.028, 0.028, 0.028, 0.028, 0.028, 0.028, 0.028, 0.028, 0.028, 0.028, 0.028, 0.028, 0.028, 0.028, 0.028, 0.028, 0.028, 0.028, 0.028, 0.028, 0.028]",None,None,None,None,141.27992187498603,141.28253674998996,142.24038204198587,0,0,142.24042358400766,142.2404783749953,,,,C,2025-03-02_22h54.36.622,asymmetry_v8,2024.2.4,None,2025-03-02 22h54.45.376086 -0500,
1,val_C0F1,19,19,0,1,0.0,17,1.7,4,pen,rew,rew_pen,0.06,input_data/stims/Shape_1.70_4.00.png,0.0,0.278725239,input_data/stims/Shape_4.00_4.00.png,input_data/stims/Shape_0.00_4.00.png,space,0.5778327080188319,None,None,None,None,None,,,0,0,0,0,0,19,19,17,142.46840799998608,,,,,,,,,142.46491483401041,143.2643652500119,144.2411383749859,144.24117158399895,144.24124462500913,144.69536841698573,145.79045387500082,145.79045387500082,145.79045387500082,145.79045387500082,145.79045387500082,145.79045387500082,145.79045387500082,148.7489213749941,"[0.279, 0.279, 0.279, 0.279, 0.279, 0.279, 0.279, 0.279, 0.279, 0.279, 0.279, 0.279, 0.279, 0.279, 0.279, 0.279, 0.279, 0.279, 0.279, 0.279, 0.279, 0.279, 0.279, 0.279, 0.279, 0.279, 0.279, 0.279, 0.279, 0.279, 0.279, 0.279, 0.279, 0.279, 0.279, 0.279, 0.279, 0.279, 0.279, 0.279, 0.279, 0.279, 0.279, 0.279, 0.279, 0.279, 0.279, 0.279, 0.279, 0.279, 0.279, 0.279, 0.279, 0.279, 0.279, 0.279, 0.279, 0.279, 0.279, 0.279, 0.279, 0.279, 0.279, 0.279, 0.279, 0.279, 0.279, 0.279, 0.279, 0.279, 0.279, 0.279, 0.279, 0.279, 0.279, 0.279, 0.279, 0.279, 0.279, 0.279, 0.279, 0.279, 0.279, 0.279, 0.279, 0.279, 0.279, 0.279, 0.279, 0.279, 0.279, 0.279, 0.279, 0.279, 0.279, 0.279, 0.279, 0.279, 0.279, 0.279, 0.279, 0.279, 0.279, 0.279, 0.279, 0.279, 0.279, 0.279, 0.279, 0.279, 0.279, 0.279, 0.279, 0.279, 0.279, 0.279, 0.279, 0.279, 0.279, 0.279, 0.279, 0.279, 0.279, 0.279, 0.279, 0.279, 0.279, 0.279, 0.279, 0.279, 0.279, 0.279, 0.279, 0.279, 0.279, 0.279, 0.279, 0.279, 0.279, 0.279, 0.279, 0.279, 0.279, 0.279, 0.279, 0.279, 0.279, 0.279, 0.279, 0.279, 0.279, 0.279, 0.279, 0.279, 0.279, 0.279, 0.279, 0.279, 0.279, 0.279, 0.279, 0.279, 0.279, 0.279, 0.279, 0.279, 0.279, 0.279, 0.279, 0.279, 0.279, 0.279, 0.279, 0.279, 0.279, 0.279, 0.279, 0.279, 0.279, 0.279, 0.279, 0.279, 0.279, 0.279, 0.279, 0.279, 0.279, 0.279, 0.279, 0.279, 0.279, 0.279, 0.279, 0.279, 0.279, 0.279, 0.279, 0.279, 0.279, 0.279, 0.279, 0.279, 0.279, 0.279, 0.279, 0.279, 0.279, 0.279, 0.279, 0.279, 0.279, 0.279, 0.279, 0.279, 0.279, 0.279, 0.279, 0.279, 0.279, 0.279, 0.279, 0.279, 0.279, 0.279, 0.279, 0.279, 0.279, 0.279, 0.279, 0.279, 0.279, 0.279, 0.279, 0.279, 0.279, 0.279, 0.279, 0.279, 0.279, 0.279, 0.279, 0.279, 0.279, 0.279, 0.279, 0.279, 0.279, 0.279, 0.279, 0.279, 0.279, 0.279, 0.279, 0.279, 0.279, 0.279, 0.279, 0.279, 0.279, 0.279, 0.279, 0.279, 0.279, 0.279, 0.279, 0.279, 0.279, 0.279, 0.279, 0.279, 0.279, 0.279, 0.279, 0.279, 0.279, 0.279, 0.279, 0.279, 0.279, 0.279, 0.279, 0.279, 0.279, 0.279, 0.279, 0.279, 0.279, 0.279, 0.279, 0.279, 0.279, 0.279, 0.279, 0.279, 0.279, 0.279, 0.279, 0.279, 0.279, 0.279, 0.279, 0.279, 0.279, 0.279, 0.279, 0.279, 0.279, 0.279, 0.279, 0.279, 0.279, 0.279, 0.279, 0.279, 0.279, 0.279, 0.279, 0.279, 0.279, 0.279, 0.279, 0.279, 0.279, 0.279, 0.279, 0.279, 0.279, 0.279, 0.279, 0.279, 0.279, 0.279, 0.279, 0.279, 0.279, 0.279, 0.279, 0.279, 0.279, 0.279, 0.279, 0.279, 0.279, 0.279, 0.279, 0.279, 0.279, 0.279, 0.279, 0.279, 0.279, 0.279, 0.279, 0.279, 0.279, 0.279, 0.279, 0.279, 0.279, 0.279]",None,None,None,None,148.76616895900224,148.7689406670106,149.73326812501182,0,0,149.7333122919954,149.7333764169889,,,,C,2025-03-02_22h54.36.622,asymmetry_v8,2024.2.4,None,2025-03-02 22h54.45.376086 -0500,
1,val_C0F1,20,20,0,1,0.0,35,3.5,4,rew,pen,pen_rew,0.3,input_data/stims/Shape_3.50_4.00.png,0.0,0.083399305,input_data/stims/Shape_0.00_4.00.png,input_data/stims/Shape_4.00_4.00.png,space,0.5778327080188319,None,None,None,None,None,,,0,0,0,0,0,20,20,35,149.96937958401395,,,,,,,,,149.96583929201006,150.76315195899224,151.73972904199036,151.73975524998968,151.73981629198533,152.21231995901326,153.2989380839863,153.2989380839863,153.2989380839863,153.2989380839863,153.2989380839863,153.2989380839863,153.2989380839863,156.2405964169884,"[0.083, 0.083, 0.083, 0.083, 0.083, 0.083, 0.083, 0.083, 0.083, 0.083, 0.083, 0.083, 0.083, 0.083, 0.083, 0.083, 0.083, 0.083, 0.083, 0.083, 0.083, 0.083, 0.083, 0.083, 0.083, 0.083, 0.083, 0.083, 0.083, 0.083, 0.083, 0.083, 0.083, 0.083, 0.083, 0.083, 0.083, 0.083, 0.083, 0.083, 0.083, 0.083, 0.083, 0.083, 0.083, 0.083, 0.083, 0.083, 0.083, 0.083, 0.083, 0.083, 0.083, 0.083, 0.083, 0.083, 0.083, 0.083, 0.083, 0.083, 0.083, 0.083, 0.083, 0.083, 0.083, 0.083, 0.083, 0.083, 0.083, 0.083, 0.083, 0.083, 0.083, 0.083, 0.083, 0.083, 0.083, 0.083, 0.083, 0.083, 0.083, 0.083, 0.083, 0.083, 0.083, 0.083, 0.083, 0.083, 0.083, 0.083, 0.083, 0.083, 0.083, 0.083, 0.083, 0.083, 0.083, 0.083, 0.083, 0.083, 0.083, 0.083, 0.083, 0.083, 0.083, 0.083, 0.083, 0.083, 0.083, 0.083, 0.083, 0.083, 0.083, 0.083, 0.083, 0.083, 0.083, 0.083, 0.083, 0.083, 0.083, 0.083, 0.083, 0.083, 0.083, 0.083, 0.083, 0.083, 0.083, 0.083, 0.083, 0.083, 0.083, 0.083, 0.083, 0.083, 0.083, 0.083, 0.083, 0.083, 0.083, 0.083, 0.083, 0.083, 0.083, 0.083, 0.083, 0.083, 0.083, 0.083, 0.083, 0.083, 0.083, 0.083, 0.083, 0.083, 0.083, 0.083, 0.083, 0.083, 0.083, 0.083, 0.083, 0.083, 0.083, 0.083, 0.083, 0.083, 0.083, 0.083, 0.083, 0.083, 0.083, 0.083, 0.083, 0.083, 0.083, 0.083, 0.083, 0.083, 0.083, 0.083, 0.083, 0.083, 0.083, 0.083, 0.083, 0.083, 0.083, 0.083, 0.083, 0.083, 0.083, 0.083, 0.083, 0.083, 0.083, 0.083, 0.083, 0.083, 0.083, 0.083, 0.083, 0.083, 0.083, 0.083, 0.083, 0.083, 0.083, 0.083, 0.083, 0.083, 0.083, 0.083, 0.083, 0.083, 0.083, 0.083, 0.083, 0.083, 0.083, 0.083, 0.083, 0.083, 0.083, 0.083, 0.083, 0.083, 0.083, 0.083, 0.083, 0.083, 0.083, 0.083, 0.083, 0.083, 0.083, 0.083, 0.083, 0.083, 0.083, 0.083, 0.083, 0.083, 0.083, 0.083, 0.083, 0.083, 0.083, 0.083, 0.083, 0.083, 0.083, 0.083, 0.083, 0.083, 0.083, 0.083, 0.083, 0.083, 0.083, 0.083, 0.083, 0.083, 0.083, 0.083, 0.083, 0.083, 0.083, 0.083, 0.083, 0.083, 0.083, 0.083, 0.083, 0.083, 0.083, 0.083, 0.083, 0.083, 0.083, 0.083, 0.083, 0.083, 0.083, 0.083, 0.083, 0.083, 0.083, 0.083, 0.083, 0.083, 0.083, 0.083, 0.083, 0.083, 0.083, 0.083, 0.083, 0.083, 0.083, 0.083, 0.083, 0.083, 0.083, 0.083, 0.083, 0.083, 0.083, 0.083, 0.083, 0.083, 0.083, 0.083, 0.083, 0.083, 0.083, 0.083, 0.083, 0.083, 0.083, 0.083, 0.083, 0.083, 0.083, 0.083, 0.083, 0.083, 0.083, 0.083, 0.083, 0.083, 0.083, 0.083, 0.083, 0.083, 0.083, 0.083, 0.083, 0.083, 0.083, 0.083, 0.083, 0.083, 0.083, 0.083, 0.083, 0.083, 0.083, 0.083, 0.083, 0.083, 0.083, 0.083, 0.083, 0.083, 0.083]",None,None,None,None,156.25504733400885,156.26248933401075,157.23317408398725,0,0,157.23321479200968,157.23326958398684,,,,C,2025-03-02_22h54.36.622,asymmetry_v8,2024.2.4,None,2025-03-02 22h54.45.376086 -0500,
1,val_C0F1,21,21,0,1,0.0,18,1.9,0,pen,rew,pen_rew,-0.02,input_data/stims/Shape_1.90_0.00.png,0.0,0.121649758,input_data/stims/Shape_0.00_0.00.png,input_data/stims/Shape_4.00_0.00.png,space,0.5778327080188319,None,None,None,None,None,,,0,0,0,0,0,21,21,18,157.46450241698767,,,,,,,,,157.4609567919979,158.2679514999909,159.23348850000184,159.23352420900483,159.2336156250094,159.6761841670086,160.7882769999851,160.7882769999851,160.7882769999851,160.7882769999851,160.7882769999851,160.7882769999851,160.7882769999851,163.74056870900677,"[0.122, 0.122, 0.122, 0.122, 0.122, 0.122, 0.122, 0.122, 0.122, 0.122, 0.122, 0.122, 0.122, 0.122, 0.122, 0.122, 0.122, 0.122, 0.122, 0.122, 0.122, 0.122, 0.122, 0.122, 0.122, 0.122, 0.122, 0.122, 0.122, 0.122, 0.122, 0.122, 0.122, 0.122, 0.122, 0.122, 0.122, 0.122, 0.122, 0.122, 0.122, 0.122, 0.122, 0.122, 0.122, 0.122, 0.122, 0.122, 0.122, 0.122, 0.122, 0.122, 0.122, 0.122, 0.122, 0.122, 0.122, 0.122, 0.122, 0.122, 0.122, 0.122, 0.122, 0.122, 0.122, 0.122, 0.122, 0.122, 0.122, 0.122, 0.122, 0.122, 0.122, 0.122, 0.122, 0.122, 0.122, 0.122, 0.122, 0.122, 0.122, 0.122, 0.122, 0.122, 0.122, 0.122, 0.122, 0.122, 0.122, 0.122, 0.122, 0.122, 0.122, 0.122, 0.122, 0.122, 0.122, 0.122, 0.122, 0.122, 0.122, 0.122, 0.122, 0.122, 0.122, 0.122, 0.122, 0.122, 0.122, 0.122, 0.122, 0.122, 0.122, 0.122, 0.122, 0.122, 0.122, 0.122, 0.122, 0.122, 0.122, 0.122, 0.122, 0.122, 0.122, 0.122, 0.122, 0.122, 0.122, 0.122, 0.122, 0.122, 0.122, 0.122, 0.122, 0.122, 0.122, 0.122, 0.122, 0.122, 0.122, 0.122, 0.122, 0.122, 0.122, 0.122, 0.122, 0.122, 0.122, 0.122, 0.122, 0.122, 0.122, 0.122, 0.122, 0.122, 0.122, 0.122, 0.122, 0.122, 0.122, 0.122, 0.122, 0.122, 0.122, 0.122, 0.122, 0.122, 0.122, 0.122, 0.122, 0.122, 0.122, 0.122, 0.122, 0.122, 0.122, 0.122, 0.122, 0.122, 0.122, 0.122, 0.122, 0.122, 0.122, 0.122, 0.122, 0.122, 0.122, 0.122, 0.122, 0.122, 0.122, 0.122, 0.122, 0.122, 0.122, 0.122, 0.122, 0.122, 0.122, 0.122, 0.122, 0.122, 0.122, 0.122, 0.122, 0.122, 0.122, 0.122, 0.122, 0.122, 0.122, 0.122, 0.122, 0.122, 0.122, 0.122, 0.122, 0.122, 0.122, 0.122, 0.122, 0.122, 0.122, 0.122, 0.122, 0.122, 0.122, 0.122, 0.122, 0.122, 0.122, 0.122, 0.122, 0.122, 0.122, 0.122, 0.122, 0.122, 0.122, 0.122, 0.122, 0.122, 0.122, 0.122, 0.122, 0.122, 0.122, 0.122, 0.122, 0.122, 0.122, 0.122, 0.122, 0.122, 0.122, 0.122, 0.122, 0.122, 0.122, 0.122, 0.122, 0.122, 0.122, 0.122, 0.122, 0.122, 0.122, 0.122, 0.122, 0.122, 0.122, 0.122, 0.122, 0.122, 0.122, 0.122, 0.122, 0.122, 0.122, 0.122, 0.122, 0.122, 0.122, 0.122, 0.122, 0.122, 0.122, 0.122, 0.122, 0.122, 0.122, 0.122, 0.122, 0.122, 0.122, 0.122, 0.122, 0.122, 0.122, 0.122, 0.122, 0.122, 0.122, 0.122, 0.122, 0.122, 0.122, 0.122, 0.122, 0.122, 0.122, 0.122, 0.122, 0.122, 0.122, 0.122, 0.122, 0.122, 0.122, 0.122, 0.122, 0.122, 0.122, 0.122, 0.122, 0.122, 0.122, 0.122, 0.122, 0.122, 0.122, 0.122, 0.122, 0.122, 0.122, 0.122, 0.122, 0.122, 0.122, 0.122, 0.122, 0.122, 0.122, 0.122, 0.122, 0.122, 0.122, 0.122, 0.122, 0.122, 0.122, 0.122, 0.122, 0.122, 0.122, 0.122, 0.122, 0.122]",None,None,None,None,163.75506216700887,163.76252291700803,164.73298337499727,0,0,164.73302779201185,164.73309049999807,,,,C,2025-03-02_22h54.36.622,asymmetry_v8,2024.2.4,None,2025-03-02 22h54.45.376086 -0500,
1,val_C0F1,22,22,0,1,0.0,20,2.1,0,rew,pen,rew_pen,-0.02,input_data/stims/Shape_2.10_0.00.png,0.0,-0.150374377,input_data/stims/Shape_4.00_0.00.png,input_data/stims/Shape_0.00_0.00.png,space,0.5778327080188319,None,None,None,None,None,,,0,0,0,0,0,22,22,20,164.9650261249917,,,,,,,,,164.96078154200222,165.76594629199826,166.741215749993,166.74124854200636,166.7413194589899,167.18491366700619,168.29089183401084,168.29089183401084,168.29089183401084,168.29089183401084,168.29089183401084,168.29089183401084,168.29089183401084,171.240823250002,"[-0.15, -0.15, -0.15, -0.15, -0.15, -0.15, -0.15, -0.15, -0.15, -0.15, -0.15, -0.15, -0.15, -0.15, -0.15, -0.15, -0.15, -0.15, -0.15, -0.15, -0.15, -0.15, -0.15, -0.15, -0.15, -0.15, -0.15, -0.15, -0.15, -0.15, -0.15, -0.15, -0.15, -0.15, -0.15, -0.15, -0.15, -0.15, -0.15, -0.15, -0.15, -0.15, -0.15, -0.15, -0.15, -0.15, -0.15, -0.15, -0.15, -0.15, -0.15, -0.15, -0.15, -0.15, -0.15, -0.15, -0.15, -0.15, -0.15, -0.15, -0.15, -0.15, -0.15, -0.15, -0.15, -0.15, -0.15, -0.15, -0.15, -0.15, -0.15, -0.15, -0.15, -0.15, -0.15, -0.15, -0.15, -0.15, -0.15, -0.15, -0.15, -0.15, -0.15, -0.15, -0.15, -0.15, -0.15, -0.15, -0.15, -0.15, -0.15, -0.15, -0.15, -0.15, -0.15, -0.15, -0.15, -0.15, -0.15, -0.15, -0.15, -0.15, -0.15, -0.15, -0.15, -0.15, -0.15, -0.15, -0.15, -0.15, -0.15, -0.15, -0.15, -0.15, -0.15, -0.15, -0.15, -0.15, -0.15, -0.15, -0.15, -0.15, -0.15, -0.15, -0.15, -0.15, -0.15, -0.15, -0.15, -0.15, -0.15, -0.15, -0.15, -0.15, -0.15, -0.15, -0.15, -0.15, -0.15, -0.15, -0.15, -0.15, -0.15, -0.15, -0.15, -0.15, -0.15, -0.15, -0.15, -0.15, -0.15, -0.15, -0.15, -0.15, -0.15, -0.15, -0.15, -0.15, -0.15, -0.15, -0.15, -0.15, -0.15, -0.15, -0.15, -0.15, -0.15, -0.15, -0.15, -0.15, -0.15, -0.15, -0.15, -0.15, -0.15, -0.15, -0.15, -0.15, -0.15, -0.15, -0.15, -0.15, -0.15, -0.15, -0.15, -0.15, -0.15, -0.15, -0.15, -0.15, -0.15, -0.15, -0.15, -0.15, -0.15, -0.15, -0.15, -0.15, -0.15, -0.15, -0.15, -0.15, -0.15, -0.15, -0.15, -0.15, -0.15, -0.15, -0.15, -0.15, -0.15, -0.15, -0.15, -0.15, -0.15, -0.15, -0.15, -0.15, -0.15, -0.15, -0.15, -0.15, -0.15, -0.15, -0.15, -0.15, -0.15, -0.15, -0.15, -0.15, -0.15, -0.15, -0.15, -0.15, -0.15, -0.15, -0.15, -0.15, -0.15, -0.15, -0.15, -0.15, -0.15, -0.15, -0.15, -0.15, -0.15, -0.15, -0.15, -0.15, -0.15, -0.15, -0.15, -0.15, -0.15, -0.15, -0.15, -0.15, -0.15, -0.15, -0.15, -0.15, -0.15, -0.15, -0.15, -0.15, -0.15, -0.15, -0.15, -0.15, -0.15, -0.15, -0.15, -0.15, -0.15, -0.15, -0.15, -0.15, -0.15, -0.15, -0.15, -0.15, -0.15, -0.15, -0.15, -0.15, -0.15, -0.15, -0.15, -0.15, -0.15, -0.15, -0.15, -0.15, -0.15, -0.15, -0.15, -0.15, -0.15, -0.15, -0.15, -0.15, -0.15, -0.15, -0.15, -0.15, -0.15, -0.15, -0.15, -0.15, -0.15, -0.15, -0.15, -0.15, -0.15, -0.15, -0.15, -0.15, -0.15, -0.15, -0.15, -0.15, -0.15, -0.15, -0.15, -0.15, -0.15, -0.15, -0.15, -0.15, -0.15, -0.15, -0.15, -0.15, -0.15, -0.15, -0.15, -0.15, -0.15, -0.15, -0.15, -0.15, -0.15, -0.15, -0.15, -0.15, -0.15, -0.15, -0.15, -0.15, -0.15, -0.15, -0.15, -0.15, -0.15, -0.15, -0.15, -0.15, -0.15, -0.15]",None,None,None,None,171.25544908401207,171.2625359169906,172.23251145900576,0,0,172.23254779199488,172.23259808399598,,,,C,2025-03-02_22h54.36.622,asymmetry_v8,2024.2.4,None,2025-03-02 22h54.45.376086 -0500,
1,val_C0F1,23,23,0,1,0.0,16,1.7,0,pen,rew,pen_rew,-0.06,input_data/stims/Shape_1.70_0.00.png,0.0,0.199177643,input_data/stims/Shape_0.00_0.00.png,input_data/stims/Shape_4.00_0.00.png,space,0.5778327080188319,None,None,None,None,None,,,0,0,0,0,0,23,23,16,172.46354737499496,,,,,,,,,172.45990566699766,173.2724140000064,174.23300462501356,174.2330402499938,174.23313687500195,174.667287209013,175.78372979199048,175.78372979199048,175.78372979199048,175.78372979199048,175.78372979199048,175.78372979199048,175.78372979199048,178.74110029201256,"[0.199, 0.199, 0.199, 0.199, 0.199, 0.199, 0.199, 0.199, 0.199, 0.199, 0.199, 0.199, 0.199, 0.199, 0.199, 0.199, 0.199, 0.199, 0.199, 0.199, 0.199, 0.199, 0.199, 0.199, 0.199, 0.199, 0.199, 0.199, 0.199, 0.199, 0.199, 0.199, 0.199, 0.199, 0.199, 0.199, 0.199, 0.199, 0.199, 0.199, 0.199, 0.199, 0.199, 0.199, 0.199, 0.199, 0.199, 0.199, 0.199, 0.199, 0.199, 0.199, 0.199, 0.199, 0.199, 0.199, 0.199, 0.199, 0.199, 0.199, 0.199, 0.199, 0.199, 0.199, 0.199, 0.199, 0.199, 0.199, 0.199, 0.199, 0.199, 0.199, 0.199, 0.199, 0.199, 0.199, 0.199, 0.199, 0.199, 0.199, 0.199, 0.199, 0.199, 0.199, 0.199, 0.199, 0.199, 0.199, 0.199, 0.199, 0.199, 0.199, 0.199, 0.199, 0.199, 0.199, 0.199, 0.199, 0.199, 0.199, 0.199, 0.199, 0.199, 0.199, 0.199, 0.199, 0.199, 0.199, 0.199, 0.199, 0.199, 0.199, 0.199, 0.199, 0.199, 0.199, 0.199, 0.199, 0.199, 0.199, 0.199, 0.199, 0.199, 0.199, 0.199, 0.199, 0.199, 0.199, 0.199, 0.199, 0.199, 0.199, 0.199, 0.199, 0.199, 0.199, 0.199, 0.199, 0.199, 0.199, 0.199, 0.199, 0.199, 0.199, 0.199, 0.199, 0.199, 0.199, 0.199, 0.199, 0.199, 0.199, 0.199, 0.199, 0.199, 0.199, 0.199, 0.199, 0.199, 0.199, 0.199, 0.199, 0.199, 0.199, 0.199, 0.199, 0.199, 0.199, 0.199, 0.199, 0.199, 0.199, 0.199, 0.199, 0.199, 0.199, 0.199, 0.199, 0.199, 0.199, 0.199, 0.199, 0.199, 0.199, 0.199, 0.199, 0.199, 0.199, 0.199, 0.199, 0.199, 0.199, 0.199, 0.199, 0.199, 0.199, 0.199, 0.199, 0.199, 0.199, 0.199, 0.199, 0.199, 0.199, 0.199, 0.199, 0.199, 0.199, 0.199, 0.199, 0.199, 0.199, 0.199, 0.199, 0.199, 0.199, 0.199, 0.199, 0.199, 0.199, 0.199, 0.199, 0.199, 0.199, 0.199, 0.199, 0.199, 0.199, 0.199, 0.199, 0.199, 0.199, 0.199, 0.199, 0.199, 0.199, 0.199, 0.199, 0.199, 0.199, 0.199, 0.199, 0.199, 0.199, 0.199, 0.199, 0.199, 0.199, 0.199, 0.199, 0.199, 0.199, 0.199, 0.199, 0.199, 0.199, 0.199, 0.199, 0.199, 0.199, 0.199, 0.199, 0.199, 0.199, 0.199, 0.199, 0.199, 0.199, 0.199, 0.199, 0.199, 0.199, 0.199, 0.199, 0.199, 0.199, 0.199, 0.199, 0.199, 0.199, 0.199, 0.199, 0.199, 0.199, 0.199, 0.199, 0.199, 0.199, 0.199, 0.199, 0.199, 0.199, 0.199, 0.199, 0.199, 0.199, 0.199, 0.199, 0.199, 0.199, 0.199, 0.199, 0.199, 0.199, 0.199, 0.199, 0.199, 0.199, 0.199, 0.199, 0.199, 0.199, 0.199, 0.199, 0.199, 0.199, 0.199, 0.199, 0.199, 0.199, 0.199, 0.199, 0.199, 0.199, 0.199, 0.199, 0.199, 0.199, 0.199, 0.199, 0.199, 0.199, 0.199, 0.199, 0.199, 0.199, 0.199, 0.199, 0.199, 0.199, 0.199, 0.199, 0.199, 0.199, 0.199, 0.199, 0.199, 0.199, 0.199, 0.199, 0.199, 0.199, 0.199, 0.199, 0.199, 0.199, 0.199, 0.199, 0.199, 0.199, 0.199, 0.199, 0.199]",None,None,None,None,178.7553026250098,178.76247662500828,179.73352187499404,0,0,179.73356641700957,179.73363050000626,,,,C,2025-03-02_22h54.36.622,asymmetry_v8,2024.2.4,None,2025-03-02 22h54.45.376086 -0500,
1,,24,24,0,1,0.0,32,3.3,0,rew,pen,rew_pen,-0.26,input_data/stims/Shape_3.30_0.00.png,0.0,-0.152896167,input_data/stims/Shape_4.00_0.00.png,input_data/stims/Shape_0.00_0.00.png,,,,,,,,,,,,,,0,24,24,32,179.96845254200161,,,,,,,,,179.96484716699342,180.76377616700483,181.74112299998524,181.74115250000614,181.74121641699458,182.18162037499133,183.28953795900452,183.28953795900452,183.28953795900452,183.28953795900452,183.28953795900452,183.28953795900452,183.28953795900452,,,,,,,,,,,,,,,,,,,,,,,
